topology,workload,advert,feature,seed,delivered,sent,alice_flood,alice_direct,radio_tx,radio_rx,collisions,ackpath_tx,total_flood_tx,total_direct_tx,probes_fired,wall_s,rc
chain_6,light,medium,passive,404,1,1,0,1,61,127,12,5,26,25,0,0.9172112941741943,0
chain_6,light,medium,baseline,303,1,1,1,0,66,133,20,7,30,25,0,0.9224269390106201,0
chain_6,light,medium,passive_mp2,202,1,1,0,1,63,122,22,5,27,25,0,0.9250178337097168,0
chain_6,light,medium,baseline,42,1,1,1,0,63,126,18,8,27,25,0,1.332103967666626,0
chain_6,light,medium,baseline,404,1,1,1,0,65,133,15,7,29,25,0,1.3255486488342285,0
chain_6,light,medium,passive_mp2,101,1,1,0,1,71,154,9,5,35,25,0,1.3366847038269043,0
chain_6,light,medium,baseline,202,1,1,1,0,60,115,22,1,27,23,0,1.3571093082427979,0
chain_6,light,medium,baseline,101,1,1,1,0,72,151,14,6,38,23,0,1.3725166320800781,0
chain_6,light,medium,passive,202,1,1,0,1,62,121,22,5,27,25,0,1.3709282875061035,0
chain_6,light,medium,passive,101,1,1,0,1,70,153,9,5,35,25,0,1.3824131488800049,0
chain_6,light,medium,passive_mp2,303,1,1,0,1,63,128,17,4,27,25,0,1.386366605758667,0
chain_6,light,medium,passive,303,1,1,0,1,62,127,17,4,27,25,0,1.3879444599151611,0
chain_6,light,medium,passive,42,1,1,0,1,59,120,15,5,24,25,0,1.3896305561065674,0
chain_6,light,medium,passive_mp2,42,1,1,0,1,60,121,15,5,24,25,0,1.42598557472229,0
chain_6,light,medium,passive_mp2,404,1,1,0,1,62,128,12,5,26,25,0,0.9265847206115723,0
chain_6,light,medium,passive_mp3,42,1,1,0,1,61,122,15,5,24,25,0,0.9253458976745605,0
chain_6,light,medium,passive_mp3,101,1,1,0,1,72,155,9,5,35,25,0,0.946075439453125,0
chain_6,light,medium,passive_mp4,101,1,1,0,1,73,156,9,5,35,25,0,0.9366681575775146,0
chain_6,light,medium,passive_mp3,303,1,1,0,1,64,129,17,4,27,25,0,1.004791259765625,0
chain_6,light,medium,passive_c120,202,1,1,1,0,60,115,22,1,27,23,0,1.1375608444213867,0
chain_6,light,medium,passive_mp4,404,1,1,0,1,64,130,12,5,26,25,0,1.1992852687835693,0
chain_6,light,medium,passive_mp3,202,1,1,0,1,64,125,20,5,27,25,0,1.3223292827606201,0
chain_6,light,medium,passive_mp4,303,1,1,0,1,65,130,17,4,27,25,0,1.3334927558898926,0
chain_6,light,medium,passive_mp4,42,1,1,0,1,62,121,17,5,24,25,0,1.3712756633758545,0
chain_6,light,medium,passive_mp3,404,1,1,0,1,62,124,15,4,25,25,0,1.3874051570892334,0
chain_6,light,medium,passive_c120,42,1,1,1,0,63,126,18,8,27,25,0,1.3675873279571533,0
chain_6,light,medium,passive_c120,101,1,1,1,0,72,151,14,6,38,23,0,1.3716909885406494,0
chain_6,light,medium,passive_mp4,202,1,1,0,1,64,121,23,4,26,25,0,1.3925511837005615,0
chain_6,light,medium,passive_c120,303,1,1,1,0,66,133,20,7,30,25,0,0.9338705539703369,0
chain_6,light,medium,passive_c120,404,1,1,1,0,65,133,15,7,29,25,0,0.9335041046142578,0
chain_6,light,medium,passive_c120_mp2,42,1,1,1,0,63,126,18,8,27,25,0,1.2366943359375,0
chain_6,light,medium,passive_c120_mp2,101,1,1,1,0,72,151,14,6,38,23,0,0.9348456859588623,0
chain_6,light,medium,passive_c120_mp2,202,1,1,1,0,60,115,22,1,27,23,0,1.2662560939788818,0
chain_6,light,medium,passive_c120_mp3,202,1,1,1,0,60,115,22,1,27,23,0,0.9677646160125732,0
chain_6,light,medium,passive_c120_mp3,404,1,1,1,0,65,133,15,7,29,25,0,1.1485533714294434,0
chain_6,light,medium,passive_c120_mp2,303,1,1,1,0,66,133,20,7,30,25,0,1.368288278579712,0
chain_6,light,medium,passive_c120_mp2,404,1,1,1,0,65,133,15,7,29,25,0,1.3504886627197266,0
chain_6,medium,medium,baseline,202,6,6,6,0,94,170,36,11,50,23,0,1.1855440139770508,0
chain_6,light,medium,passive_c120_mp3,42,1,1,1,0,63,126,18,8,27,25,0,1.352076530456543,0
chain_6,light,medium,passive_c120_mp3,303,1,1,1,0,66,133,20,7,30,25,0,1.3373723030090332,0
chain_6,light,medium,passive_c120_mp3,101,1,1,1,0,72,151,14,6,38,23,0,1.3830716609954834,0
chain_6,medium,medium,baseline,101,6,6,1,5,110,230,21,29,56,33,0,1.353050708770752,0
chain_6,medium,medium,baseline,42,6,6,1,5,93,196,18,23,27,45,0,1.3724029064178467,0
chain_6,medium,medium,baseline,303,6,6,1,5,96,203,20,22,30,45,0,1.3818910121917725,0
chain_6,medium,medium,baseline,404,6,6,1,5,100,198,28,27,46,33,0,1.262052297592163,0
chain_6,medium,medium,passive,42,6,6,3,3,98,191,32,26,39,37,0,1.1607906818389893,0
chain_6,medium,medium,passive,101,6,6,3,3,111,234,20,27,52,37,0,1.036590814590454,0
chain_6,medium,medium,passive_mp2,42,6,6,3,3,102,192,34,27,44,33,0,0.9067041873931885,0
chain_6,medium,medium,passive,202,6,6,3,3,107,206,40,32,45,39,0,1.1537384986877441,0
chain_6,medium,medium,passive_mp2,101,6,6,4,2,112,227,25,24,55,33,0,0.9332714080810547,0
chain_6,medium,medium,passive_mp2,303,6,6,3,3,102,200,28,20,45,33,0,0.9182748794555664,0
chain_6,medium,medium,passive,404,6,6,3,3,102,207,24,27,43,37,0,1.0910017490386963,0
chain_6,medium,medium,passive,303,6,6,3,3,99,197,28,20,45,33,0,1.3060088157653809,0
chain_6,medium,medium,passive_mp3,202,6,6,3,3,113,210,40,32,49,35,0,1.077202558517456,0
chain_6,medium,medium,passive_mp2,202,6,6,3,3,106,204,34,27,44,37,0,1.3743510246276855,0
chain_6,medium,medium,passive_mp3,42,6,6,3,3,108,196,40,30,46,33,0,1.2581753730773926,0
chain_6,medium,medium,passive_mp2,404,6,6,3,3,105,210,24,27,43,37,0,1.3942267894744873,0
chain_6,medium,medium,passive_mp3,101,6,6,4,2,114,229,25,24,55,33,0,1.4098491668701172,0
chain_6,medium,medium,passive_mp3,303,6,6,3,3,105,203,28,20,45,33,0,1.281480312347412,0
chain_6,medium,medium,passive_mp4,42,6,6,3,3,109,197,35,27,49,29,0,1.0331649780273438,0
chain_6,medium,medium,passive_mp3,404,6,6,3,3,103,197,27,21,43,33,0,1.3668971061706543,0
chain_6,medium,medium,passive_mp4,101,6,6,4,2,116,231,25,24,55,33,0,1.0066308975219727,0
chain_6,medium,medium,passive_mp4,202,6,6,4,2,108,201,36,24,47,33,0,1.1200523376464844,0
chain_6,medium,medium,passive_mp4,404,6,6,3,3,109,208,25,25,44,34,0,1.0199768543243408,0
chain_6,medium,medium,passive_mp4,303,6,6,3,3,108,202,32,21,45,33,0,1.1050071716308594,0
chain_6,medium,medium,passive_c120,42,6,6,3,3,105,214,26,33,41,41,0,1.1896295547485352,0
chain_6,medium,medium,passive_c120,101,6,6,4,2,113,226,31,28,57,33,0,1.2044706344604492,0
chain_6,medium,medium,passive_c120,404,6,6,3,3,106,212,28,31,46,37,0,1.1227591037750244,0
chain_6,medium,medium,passive_c120,202,6,6,6,0,94,170,36,11,50,23,0,1.3680691719055176,0
chain_6,medium,medium,passive_c120_mp2,303,6,6,3,3,108,213,31,29,43,39,0,0.9590146541595459,0
chain_6,medium,medium,passive_c120_mp2,101,6,6,4,2,115,228,31,28,57,33,0,1.2019572257995605,0
chain_6,medium,medium,passive_c120,303,6,6,3,3,106,212,31,29,44,39,0,1.391310691833496,0
chain_6,medium,medium,passive_c120_mp2,202,6,6,6,0,94,170,36,11,50,23,0,1.1269464492797852,0
chain_6,medium,medium,passive_c120_mp2,42,6,6,3,3,108,219,24,33,41,41,0,1.3874402046203613,0
chain_6,medium,medium,passive_c120_mp3,42,6,6,3,3,109,213,27,31,41,39,0,1.0827417373657227,0
chain_6,medium,medium,passive_c120_mp3,202,6,6,6,0,94,170,36,11,50,23,0,0.9870321750640869,0
chain_6,medium,medium,passive_c120_mp3,101,6,6,4,2,117,230,31,28,57,33,0,1.0494887828826904,0
chain_6,medium,medium,passive_c120_mp2,404,6,6,3,3,107,209,28,29,46,35,0,1.374058723449707,0
chain_6,medium,medium,passive_c120_mp3,303,6,6,3,3,111,215,32,29,43,39,0,1.33847975730896,0
chain_6,heavy,medium,baseline,101,12,12,1,11,155,319,34,56,77,45,0,0.9481770992279053,0
chain_6,medium,medium,passive_c120_mp3,404,6,6,3,3,111,215,29,30,45,37,0,1.3962955474853516,0
chain_6,heavy,medium,baseline,303,12,12,1,11,132,284,23,40,30,69,0,1.0496604442596436,0
chain_6,heavy,medium,baseline,42,12,12,1,11,127,272,20,39,27,67,0,1.3356349468231201,0
chain_6,heavy,medium,baseline,202,12,12,6,6,139,261,47,38,71,35,0,1.1870510578155518,0
chain_6,heavy,medium,passive_mp2,42,12,12,6,6,160,312,43,60,63,54,0,0.925307035446167,0
chain_6,heavy,medium,passive,101,12,12,7,5,152,307,36,43,70,47,0,1.2174396514892578,0
chain_6,heavy,medium,baseline,404,12,12,1,11,131,287,15,40,29,69,0,1.3202083110809326,0
chain_6,heavy,medium,passive,42,12,12,6,6,150,289,49,54,62,51,0,1.3360683917999268,0
chain_6,heavy,medium,passive,303,12,12,7,5,150,291,47,47,69,45,0,1.2665791511535645,0
chain_6,heavy,medium,passive,404,12,12,7,5,154,295,47,55,76,41,0,1.2381374835968018,0
chain_6,heavy,medium,passive,202,12,12,6,6,157,306,50,57,69,51,0,1.3983657360076904,0
chain_6,heavy,medium,passive_mp2,101,12,12,7,5,162,324,37,48,72,49,0,1.2173666954040527,0
chain_6,heavy,medium,passive_mp2,303,12,12,7,5,152,299,37,44,67,45,0,0.9590413570404053,0
chain_6,heavy,medium,passive_mp2,202,12,12,6,6,164,314,51,61,67,53,0,1.3736412525177002,0
chain_6,heavy,medium,passive_mp3,42,12,12,7,5,163,310,47,57,65,51,0,1.1959011554718018,0
chain_6,heavy,medium,passive_mp3,404,12,12,7,5,149,283,36,38,62,43,0,0.9245169162750244,0
chain_6,heavy,medium,passive_mp3,303,12,12,7,5,155,296,39,42,67,43,0,1.0008549690246582,0
chain_6,heavy,medium,passive_mp2,404,12,12,7,5,159,306,44,55,71,46,0,1.379413366317749,0
chain_6,heavy,medium,passive_mp3,101,12,12,7,5,167,329,37,48,72,49,0,1.3902766704559326,0
chain_6,heavy,medium,passive_mp4,101,12,12,7,5,172,334,37,49,72,49,0,1.065150260925293,0
chain_6,heavy,medium,passive_mp3,202,12,12,6,6,169,315,56,61,64,55,0,1.3906550407409668,0
chain_6,heavy,medium,passive_mp4,404,12,12,7,5,152,280,38,36,62,41,0,0.9946799278259277,0
chain_6,heavy,medium,passive_mp4,303,12,12,6,6,170,322,42,53,65,51,0,1.2028825283050537,0
chain_6,heavy,medium,passive_mp4,42,12,12,7,5,168,313,49,57,65,51,0,1.3904874324798584,0
chain_6,heavy,medium,passive_c120,42,12,12,7,5,150,300,36,53,64,49,0,1.1436989307403564,0
chain_6,heavy,medium,passive_mp4,202,12,12,6,6,173,311,55,56,73,45,0,1.3731787204742432,0
chain_6,heavy,medium,passive_c120,202,12,12,10,2,138,252,49,29,73,31,0,1.0531105995178223,0
chain_6,heavy,medium,passive_c120,101,12,12,7,5,164,324,50,58,75,51,0,1.3927607536315918,0
chain_6,heavy,medium,passive_c120,404,12,12,7,5,159,324,35,60,68,53,0,1.007533073425293,0
chain_6,heavy,medium,passive_c120,303,12,12,6,6,157,310,46,57,66,53,0,1.1401350498199463,0
chain_6,heavy,medium,passive_c120_mp2,42,12,12,8,4,154,300,40,52,66,47,0,1.107520341873169,0
chain_6,heavy,medium,passive_c120_mp2,303,12,12,7,5,161,320,38,54,68,51,0,1.127424955368042,0
chain_6,heavy,medium,passive_c120_mp2,101,12,12,7,5,170,334,47,59,76,51,0,1.41481351852417,0
chain_6,heavy,medium,passive_c120_mp3,101,12,12,7,5,175,339,47,59,76,51,0,1.0981028079986572,0
chain_6,heavy,medium,passive_c120_mp2,404,12,12,7,5,159,317,36,53,64,53,0,1.348170518875122,0
chain_6,heavy,medium,passive_c120_mp2,202,12,12,9,3,151,271,57,43,81,31,0,1.4072904586791992,0
chain_6,heavy,medium,passive_c120_mp3,202,12,12,10,2,142,257,48,29,73,31,0,1.1039347648620605,0
chain_6,heavy,medium,passive_c120_mp3,42,12,12,6,6,166,316,45,60,61,55,0,1.3549079895019531,0
chain_6,heavy,medium,passive_c120_mp3,303,12,12,6,6,172,334,44,60,65,57,0,1.3737194538116455,0
chain_6,heavy,medium,passive_c120_mp3,404,12,12,7,5,163,317,39,52,63,53,0,1.39237380027771,0
chain_10,light,medium,baseline,202,,,0,0,81,146,8,0,28,45,0,1.6106178760528564,0
chain_10,light,medium,baseline,303,1,1,1,0,128,239,6,18,62,55,0,1.6660573482513428,0
chain_10,light,medium,passive,42,0,1,0,1,107,197,8,0,46,52,0,1.489330530166626,0
chain_10,light,medium,baseline,42,1,1,1,0,128,237,8,18,62,55,0,2.149561643600464,0
chain_10,light,medium,baseline,101,1,1,1,0,133,245,10,18,67,55,0,2.1528961658477783,0
chain_10,light,medium,passive,303,1,1,1,0,128,239,6,18,62,55,0,1.4815325736999512,0
chain_10,light,medium,passive_mp2,42,0,1,0,1,108,198,8,0,46,52,0,1.487797737121582,0
chain_10,light,medium,passive,202,,,0,0,81,146,8,0,28,45,0,1.5630810260772705,0
chain_10,light,medium,baseline,404,1,1,1,0,137,256,7,18,72,54,0,2.1990249156951904,0
chain_10,light,medium,passive_mp2,101,1,1,1,0,133,245,10,18,67,55,0,1.9064369201660156,0
chain_10,light,medium,passive,101,1,1,1,0,133,245,10,18,67,55,0,2.24474835395813,0
chain_10,light,medium,passive,404,1,1,1,0,137,256,7,18,72,54,0,2.232450008392334,0
chain_10,light,medium,passive_mp2,202,,,0,0,81,146,8,0,28,45,0,2.203378677368164,0
chain_10,light,medium,passive_mp2,404,1,1,1,0,137,256,7,18,72,54,0,1.6491177082061768,0
chain_10,light,medium,passive_mp2,303,1,1,1,0,128,239,6,18,62,55,0,2.2417995929718018,0
chain_10,light,medium,passive_mp3,101,1,1,1,0,133,245,10,18,67,55,0,1.4915354251861572,0
chain_10,light,medium,passive_mp3,202,,,0,0,81,146,8,0,28,45,0,1.5653584003448486,0
chain_10,light,medium,passive_mp4,42,0,1,0,1,110,200,8,0,46,52,0,1.6259737014770508,0
chain_10,light,medium,passive_mp3,42,0,1,0,1,109,199,8,0,46,52,0,2.022911548614502,0
chain_10,light,medium,passive_mp3,404,1,1,1,0,137,256,7,18,72,54,0,1.9215152263641357,0
chain_10,light,medium,passive_mp3,303,1,1,1,0,128,239,6,18,62,55,0,2.0206072330474854,0
chain_10,light,medium,passive_mp4,101,1,1,1,0,133,245,10,18,67,55,0,2.196225881576538,0
chain_10,light,medium,passive_mp4,202,,,0,0,81,146,8,0,28,45,0,2.1860532760620117,0
chain_10,light,medium,passive_mp4,404,1,1,1,0,137,256,7,18,72,54,0,1.8831720352172852,0
chain_10,light,medium,passive_c120,42,1,1,1,0,128,237,8,18,62,55,0,1.8409767150878906,0
chain_10,light,medium,passive_mp4,303,1,1,1,0,128,239,6,18,62,55,0,2.22894024848938,0
chain_10,light,medium,passive_c120,303,1,1,1,0,128,239,6,18,62,55,0,1.9320967197418213,0
chain_10,light,medium,passive_c120_mp2,202,,,0,0,81,146,8,0,28,45,0,1.4917709827423096,0
chain_10,light,medium,passive_c120,404,1,1,1,0,137,256,7,18,72,54,0,1.9732391834259033,0
chain_10,light,medium,passive_c120,202,,,0,0,81,146,8,0,28,45,0,2.0624191761016846,0
chain_10,light,medium,passive_c120,101,1,1,1,0,133,245,10,18,67,55,0,2.174997329711914,0
chain_10,light,medium,passive_c120_mp2,303,1,1,1,0,128,239,6,18,62,55,0,1.5641798973083496,0
chain_10,light,medium,passive_c120_mp2,42,1,1,1,0,128,237,8,18,62,55,0,2.072983741760254,0
chain_10,light,medium,passive_c120_mp2,101,1,1,1,0,133,245,10,18,67,55,0,2.07712984085083,0
chain_10,light,medium,passive_c120_mp2,404,1,1,1,0,137,256,7,18,72,54,0,1.8619804382324219,0
chain_10,light,medium,passive_c120_mp3,202,,,0,0,81,146,8,0,28,45,0,1.682321548461914,0
chain_10,light,medium,passive_c120_mp3,42,1,1,1,0,128,237,8,18,62,55,0,2.2129476070404053,0
chain_10,light,medium,passive_c120_mp3,101,1,1,1,0,133,245,10,18,67,55,0,2.1887612342834473,0
chain_10,medium,medium,baseline,404,6,6,1,5,227,426,7,63,72,134,0,1.474609136581421,0
chain_10,light,medium,passive_c120_mp3,303,1,1,1,0,128,239,6,18,62,55,0,2.124877691268921,0
chain_10,medium,medium,baseline,42,6,6,2,4,214,395,12,59,74,119,0,1.6802444458007812,0
chain_10,medium,medium,baseline,202,,,0,0,81,146,8,0,28,45,0,1.5857367515563965,0
chain_10,medium,medium,baseline,303,6,6,1,5,218,408,7,63,62,135,0,1.6878142356872559,0
chain_10,light,medium,passive_c120_mp3,404,1,1,1,0,137,256,7,18,72,54,0,2.2565622329711914,0
chain_10,medium,medium,baseline,101,6,6,1,5,218,403,12,58,67,130,0,2.0548670291900635,0
chain_10,medium,medium,passive,42,5,6,3,3,224,416,10,72,94,108,0,1.9253787994384766,0
chain_10,medium,medium,passive,404,6,6,3,3,245,460,7,81,104,118,0,1.4927172660827637,0
chain_10,medium,medium,passive,101,6,6,3,3,241,449,10,81,99,119,0,2.222346305847168,0
chain_10,medium,medium,passive,303,6,6,3,3,236,441,8,81,94,119,0,2.1158571243286133,0
chain_10,medium,medium,passive,202,,,0,0,81,146,8,0,28,45,0,2.22011137008667,0
chain_10,medium,medium,passive_mp2,42,5,6,3,3,227,419,10,72,94,108,0,1.6112713813781738,0
chain_10,medium,medium,passive_mp2,202,,,0,0,81,146,8,0,28,45,0,1.5797607898712158,0
chain_10,medium,medium,passive_mp3,202,,,0,0,81,146,8,0,28,45,0,1.5128099918365479,0
chain_10,medium,medium,passive_mp3,42,5,6,3,3,230,422,10,72,94,108,0,1.801116704940796,0
chain_10,medium,medium,passive_mp2,101,6,6,3,3,241,449,10,81,99,119,0,2.2274649143218994,0
chain_10,medium,medium,passive_mp2,303,6,6,3,3,236,441,8,81,94,119,0,2.2314624786376953,0
chain_10,medium,medium,passive_mp2,404,6,6,3,3,245,460,7,81,104,118,0,2.1820428371429443,0
chain_10,medium,medium,passive_mp3,101,6,6,3,3,241,449,10,81,99,119,0,2.242936134338379,0
chain_10,medium,medium,passive_mp3,303,6,6,3,3,236,441,8,81,94,119,0,2.0222690105438232,0
chain_10,medium,medium,passive_mp4,202,,,0,0,81,146,8,0,28,45,0,1.4757423400878906,0
chain_10,medium,medium,passive_mp3,404,6,6,3,3,245,460,7,81,104,118,0,2.221895456314087,0
chain_10,medium,medium,passive_mp4,101,6,6,3,3,241,449,10,81,99,119,0,1.9585583209991455,0
chain_10,medium,medium,passive_mp4,42,5,6,3,3,233,427,8,72,94,108,0,2.1241869926452637,0
chain_10,medium,medium,passive_mp4,404,6,6,3,3,245,460,7,81,104,118,0,1.9391677379608154,0
chain_10,medium,medium,passive_mp4,303,6,6,3,3,236,441,8,81,94,119,0,2.1199584007263184,0
chain_10,medium,medium,passive_c120,42,6,6,4,2,218,400,14,63,101,95,0,1.9447546005249023,0
chain_10,medium,medium,passive_c120,101,6,6,3,3,241,449,10,81,99,119,0,1.8254694938659668,0
chain_10,medium,medium,passive_c120,202,,,0,0,81,146,8,0,28,45,0,2.047819137573242,0
chain_10,medium,medium,passive_c120_mp2,42,6,6,4,2,220,402,14,63,101,95,0,1.8408055305480957,0
chain_10,medium,medium,passive_c120,303,6,6,3,3,236,441,8,81,94,119,0,2.074144124984741,0
chain_10,medium,medium,passive_c120_mp2,101,6,6,3,3,241,449,10,81,99,119,0,1.7584500312805176,0
chain_10,medium,medium,passive_c120_mp2,202,,,0,0,81,146,8,0,28,45,0,1.798222541809082,0
chain_10,medium,medium,passive_c120,404,6,6,3,3,245,460,7,81,104,118,0,2.21840763092041,0
chain_10,medium,medium,passive_c120_mp3,101,6,6,3,3,241,449,10,81,99,119,0,1.5791661739349365,0
chain_10,medium,medium,passive_c120_mp2,303,6,6,3,3,236,441,8,81,94,119,0,2.0423243045806885,0
chain_10,medium,medium,passive_c120_mp2,404,6,6,3,3,245,460,7,81,104,118,0,1.9482460021972656,0
chain_10,medium,medium,passive_c120_mp3,42,6,6,4,2,236,431,14,77,106,103,0,2.2827842235565186,0
chain_10,heavy,medium,baseline,101,12,12,1,11,331,617,12,117,67,231,0,1.5007774829864502,0
chain_10,medium,medium,passive_c120_mp3,202,,,0,0,81,146,8,0,28,45,0,2.156188488006592,0
chain_10,medium,medium,passive_c120_mp3,303,6,6,3,3,236,441,8,81,94,119,0,2.2559547424316406,0
chain_10,heavy,medium,baseline,303,12,12,1,11,320,594,13,111,62,225,0,1.4484586715698242,0
chain_10,medium,medium,passive_c120_mp3,404,6,6,3,3,245,460,7,81,104,118,0,2.136924982070923,0
chain_10,heavy,medium,baseline,404,11,12,2,10,309,575,11,100,71,206,0,1.5126361846923828,0
chain_10,heavy,medium,baseline,42,12,12,1,11,326,611,8,117,62,231,0,2.1261391639709473,0
chain_10,heavy,medium,passive,202,,,0,0,81,146,8,0,28,45,0,1.6001136302947998,0
chain_10,heavy,medium,baseline,202,,,0,0,81,146,8,0,28,45,0,2.195709228515625,0
chain_10,heavy,medium,passive,404,11,12,7,5,347,646,12,138,145,166,0,1.4635343551635742,0
chain_10,heavy,medium,passive,303,12,12,6,6,371,693,11,162,142,191,0,1.7892818450927734,0
chain_10,heavy,medium,passive,42,11,12,6,6,359,673,8,153,142,180,0,2.2442729473114014,0
chain_10,heavy,medium,passive,101,12,12,6,6,376,704,10,162,147,191,0,2.2375688552856445,0
chain_10,heavy,medium,passive_mp2,42,11,12,6,6,365,677,10,153,142,180,0,1.632049798965454,0
chain_10,heavy,medium,passive_mp2,404,11,12,7,5,347,646,12,138,145,166,0,1.5045924186706543,0
chain_10,heavy,medium,passive_mp2,101,12,12,6,6,376,704,10,162,147,191,0,2.0163016319274902,0
chain_10,heavy,medium,passive_mp2,202,,,0,0,81,146,8,0,28,45,0,2.023817777633667,0
chain_10,heavy,medium,passive_mp3,202,,,0,0,81,146,8,0,28,45,0,1.9179644584655762,0
chain_10,heavy,medium,passive_mp3,303,12,12,6,6,371,693,11,162,142,191,0,1.4650330543518066,0
chain_10,heavy,medium,passive_mp2,303,12,12,6,6,371,693,11,162,142,191,0,2.192509651184082,0
chain_10,heavy,medium,passive_mp3,42,11,12,6,6,357,655,11,139,137,172,0,2.1799027919769287,0
chain_10,heavy,medium,passive_mp3,101,12,12,6,6,376,704,10,162,147,191,0,2.2277581691741943,0
chain_10,heavy,medium,passive_mp3,404,11,12,7,5,347,646,12,138,145,166,0,2.090303659439087,0
chain_10,heavy,medium,passive_mp4,404,11,12,7,5,347,646,12,138,145,166,0,1.491227149963379,0
chain_10,heavy,medium,passive_mp4,42,11,12,6,6,363,660,12,139,137,172,0,2.218318223953247,0
chain_10,heavy,medium,passive_mp4,101,12,12,6,6,376,704,10,162,147,191,0,2.0863802433013916,0
chain_10,heavy,medium,passive_mp4,202,,,0,0,81,146,8,0,28,45,0,2.0836281776428223,0
chain_10,heavy,medium,passive_c120,202,,,0,0,81,146,8,0,28,45,0,1.4578361511230469,0
chain_10,heavy,medium,passive_mp4,303,12,12,6,6,371,693,11,162,142,191,0,2.281435489654541,0
chain_10,heavy,medium,passive_c120,42,12,12,7,5,353,657,12,144,149,167,0,2.2733492851257324,0
chain_10,heavy,medium,passive_c120,303,12,12,6,6,371,693,11,162,142,191,0,1.7510523796081543,0
chain_10,heavy,medium,passive_c120,101,12,12,6,6,376,704,10,162,147,191,0,1.9873158931732178,0
chain_10,heavy,medium,passive_c120_mp2,202,,,0,0,81,146,8,0,28,45,0,1.7019915580749512,0
chain_10,heavy,medium,passive_c120_mp2,101,12,12,6,6,376,704,10,162,147,191,0,1.8995707035064697,0
chain_10,heavy,medium,passive_c120,404,11,12,7,5,347,646,12,138,145,166,0,2.151740789413452,0
chain_10,heavy,medium,passive_c120_mp2,42,12,12,7,5,358,662,12,144,149,167,0,2.1524322032928467,0
chain_10,heavy,medium,passive_c120_mp3,101,12,12,6,6,376,704,10,162,147,191,0,1.6500868797302246,0
chain_10,heavy,medium,passive_c120_mp3,202,,,0,0,81,146,8,0,28,45,0,1.6989543437957764,0
chain_10,heavy,medium,passive_c120_mp2,404,11,12,7,5,347,646,12,138,145,166,0,2.023280143737793,0
chain_10,heavy,medium,passive_c120_mp3,303,12,12,6,6,371,693,11,162,142,191,0,1.5434582233428955,0
chain_10,heavy,medium,passive_c120_mp3,42,12,12,6,6,383,706,10,162,142,191,0,2.024033784866333,0
chain_10,heavy,medium,passive_c120_mp2,303,12,12,6,6,371,693,11,162,142,191,0,2.2748653888702393,0
chain_10,heavy,medium,passive_c120_mp3,404,11,12,7,5,347,646,12,138,145,166,0,2.2728850841522217,0
chain_15,light,medium,baseline,42,1,1,1,0,228,439,6,28,130,87,0,2.454496145248413,0
chain_15,light,medium,baseline,303,1,1,1,0,203,383,12,28,102,90,0,2.4048657417297363,0
chain_15,light,medium,passive,101,1,1,1,0,201,384,7,28,102,88,0,2.099544048309326,0
chain_15,light,medium,baseline,404,1,1,1,0,198,377,8,28,98,89,0,2.3900017738342285,0
chain_15,light,medium,baseline,101,1,1,1,0,201,384,7,28,102,88,0,2.933774948120117,0
chain_15,light,medium,passive,202,1,1,1,0,187,355,8,28,88,88,0,2.0951638221740723,0
chain_15,light,medium,baseline,202,1,1,1,0,187,355,8,28,88,88,0,3.1531729698181152,0
chain_15,light,medium,passive,42,0,1,0,1,192,369,6,0,104,79,0,3.3016881942749023,0
chain_15,light,medium,passive,404,1,1,1,0,198,377,8,28,98,89,0,2.9087271690368652,0
chain_15,light,medium,passive_mp2,303,1,1,1,0,203,383,12,28,102,90,0,2.387042284011841,0
chain_15,light,medium,passive,303,1,1,1,0,203,383,12,28,102,90,0,3.2872707843780518,0
chain_15,light,medium,passive_mp2,42,0,1,0,1,193,370,6,0,104,79,0,3.242532968521118,0
chain_15,light,medium,passive_mp2,101,1,1,1,0,201,384,7,28,102,88,0,3.2114412784576416,0
chain_15,light,medium,passive_mp2,202,1,1,1,0,187,355,8,28,88,88,0,3.3005950450897217,0
chain_15,light,medium,passive_mp3,202,1,1,1,0,187,355,8,28,88,88,0,2.099299430847168,0
chain_15,light,medium,passive_mp3,42,0,1,0,1,194,371,6,0,104,79,0,2.2572519779205322,0
chain_15,light,medium,passive_mp3,303,1,1,1,0,203,383,12,28,102,90,0,2.120408058166504,0
chain_15,light,medium,passive_mp4,42,0,1,0,1,195,372,6,0,104,79,0,2.2752010822296143,0
chain_15,light,medium,passive_mp2,404,1,1,1,0,198,377,8,28,98,89,0,3.0761122703552246,0
chain_15,light,medium,passive_mp3,404,1,1,1,0,198,377,8,28,98,89,0,2.5968844890594482,0
chain_15,light,medium,passive_mp3,101,1,1,1,0,201,384,7,28,102,88,0,2.9649477005004883,0
chain_15,light,medium,passive_mp4,303,1,1,1,0,203,383,12,28,102,90,0,2.172636032104492,0
chain_15,light,medium,passive_mp4,202,1,1,1,0,187,355,8,28,88,88,0,2.9632973670959473,0
chain_15,light,medium,passive_c120,303,1,1,1,0,203,383,12,28,102,90,0,2.115729331970215,0
chain_15,light,medium,passive_mp4,101,1,1,1,0,201,384,7,28,102,88,0,3.237644910812378,0
chain_15,light,medium,passive_c120,42,1,1,1,0,228,439,6,28,130,87,0,3.189032554626465,0
chain_15,light,medium,passive_c120,101,1,1,1,0,201,384,7,28,102,88,0,3.1901304721832275,0
chain_15,light,medium,passive_mp4,404,1,1,1,0,198,377,8,28,98,89,0,3.336461305618286,0
chain_15,light,medium,passive_c120,202,1,1,1,0,187,355,8,28,88,88,0,3.162215232849121,0
chain_15,light,medium,passive_c120_mp2,101,1,1,1,0,201,384,7,28,102,88,0,2.2670693397521973,0
chain_15,light,medium,passive_c120_mp2,202,1,1,1,0,187,355,8,28,88,88,0,2.238970994949341,0
chain_15,light,medium,passive_c120,404,1,1,1,0,198,377,8,28,98,89,0,3.2234461307525635,0
chain_15,light,medium,passive_c120_mp2,42,1,1,1,0,228,439,6,28,130,87,0,3.3013784885406494,0
chain_15,light,medium,passive_c120_mp2,303,1,1,1,0,203,383,12,28,102,90,0,3.2405266761779785,0
chain_15,light,medium,passive_c120_mp2,404,1,1,1,0,198,377,8,28,98,89,0,3.274841785430908,0
chain_15,light,medium,passive_c120_mp3,42,1,1,1,0,228,439,6,28,130,87,0,2.7206203937530518,0
chain_15,light,medium,passive_c120_mp3,101,1,1,1,0,201,384,7,28,102,88,0,2.4972610473632812,0
chain_15,light,medium,passive_c120_mp3,404,1,1,1,0,198,377,8,28,98,89,0,2.2526965141296387,0
chain_15,light,medium,passive_c120_mp3,202,1,1,1,0,187,355,8,28,88,88,0,3.1352310180664062,0
chain_15,light,medium,passive_c120_mp3,303,1,1,1,0,203,383,12,28,102,90,0,3.1576461791992188,0
chain_15,medium,medium,baseline,404,5,6,1,5,319,607,11,84,98,201,0,2.44978404045105,0
chain_15,medium,medium,baseline,202,5,6,1,5,307,582,12,84,88,199,0,2.527859687805176,0
chain_15,medium,medium,baseline,42,6,6,1,5,368,709,6,98,130,217,0,2.723390817642212,0
chain_15,medium,medium,passive,42,4,6,2,4,326,625,8,70,137,170,0,2.259983777999878,0
chain_15,medium,medium,baseline,303,6,6,1,5,343,653,12,98,102,220,0,2.876389980316162,0
chain_15,medium,medium,baseline,101,6,6,2,4,338,642,13,95,125,192,0,3.2482330799102783,0
chain_15,medium,medium,passive,303,6,6,1,5,343,653,12,98,102,220,0,2.2999417781829834,0
chain_15,medium,medium,passive,101,6,6,2,4,338,642,13,95,125,192,0,3.3198962211608887,0
chain_15,medium,medium,passive,404,5,6,1,5,319,607,11,84,98,201,0,2.574486017227173,0
chain_15,medium,medium,passive,202,5,6,1,5,307,582,12,84,88,199,0,3.2029426097869873,0
chain_15,medium,medium,passive_mp2,42,5,6,3,3,371,709,8,106,182,164,0,3.1138622760772705,0
chain_15,medium,medium,passive_mp2,101,6,6,2,4,338,642,13,95,125,192,0,2.7501931190490723,0
chain_15,medium,medium,passive_mp3,101,6,6,2,4,338,642,13,95,125,192,0,2.2689993381500244,0
chain_15,medium,medium,passive_mp3,202,5,6,1,5,307,582,12,84,88,199,0,2.189394474029541,0
chain_15,medium,medium,passive_mp2,303,6,6,1,5,343,653,12,98,102,220,0,3.003591537475586,0
chain_15,medium,medium,passive_mp4,42,4,6,3,3,349,656,13,84,163,157,0,2.1432623863220215,0
chain_15,medium,medium,passive_mp2,202,5,6,1,5,307,582,12,84,88,199,0,3.3283491134643555,0
chain_15,medium,medium,passive_mp2,404,5,6,1,5,319,607,11,84,98,201,0,3.28780460357666,0
chain_15,medium,medium,passive_mp3,42,4,6,3,3,346,655,11,84,163,157,0,3.2912368774414062,0
chain_15,medium,medium,passive_mp3,303,6,6,1,5,343,653,12,98,102,220,0,3.0078063011169434,0
chain_15,medium,medium,passive_mp3,404,5,6,1,5,319,607,11,84,98,201,0,2.801711082458496,0
chain_15,medium,medium,passive_mp4,202,5,6,1,5,307,582,12,84,88,199,0,2.2082064151763916,0
chain_15,medium,medium,passive_c120,101,6,6,2,4,338,642,13,95,125,192,0,2.1868083477020264,0
chain_15,medium,medium,passive_mp4,101,6,6,2,4,338,642,13,95,125,192,0,3.3196637630462646,0
chain_15,medium,medium,passive_mp4,303,6,6,1,5,343,653,12,98,102,220,0,3.2541134357452393,0
chain_15,medium,medium,passive_mp4,404,5,6,1,5,319,607,11,84,98,201,0,2.840150833129883,0
chain_15,medium,medium,passive_c120_mp2,101,6,6,2,4,338,642,13,95,125,192,0,2.1958467960357666,0
chain_15,medium,medium,passive_c120_mp2,303,6,6,1,5,343,653,12,98,102,220,0,2.1349422931671143,0
chain_15,medium,medium,passive_c120,202,5,6,1,5,307,582,12,84,88,199,0,3.2262675762176514,0
chain_15,medium,medium,passive_c120,42,6,6,1,5,368,709,6,98,130,217,0,3.3418288230895996,0
chain_15,medium,medium,passive_c120_mp3,42,5,6,3,3,384,726,14,112,182,174,0,2.2102513313293457,0
chain_15,medium,medium,passive_c120_mp2,404,5,6,1,5,319,607,11,84,98,201,0,2.5831148624420166,0
chain_15,medium,medium,passive_c120,303,6,6,1,5,343,653,12,98,102,220,0,3.2114365100860596,0
chain_15,medium,medium,passive_c120,404,5,6,1,5,319,607,11,84,98,201,0,3.1805431842803955,0
chain_15,medium,medium,passive_c120_mp2,42,6,6,3,3,399,765,7,126,182,191,0,3.1910910606384277,0
chain_15,medium,medium,passive_c120_mp2,202,5,6,1,5,307,582,12,84,88,199,0,3.128223419189453,0
chain_15,medium,medium,passive_c120_mp3,202,5,6,1,5,307,582,12,84,88,199,0,2.72110652923584,0
chain_15,heavy,medium,baseline,101,11,12,1,11,490,935,13,168,102,356,0,2.0991032123565674,0
chain_15,medium,medium,passive_c120_mp3,101,6,6,2,4,338,642,13,95,125,192,0,3.340521812438965,0
chain_15,heavy,medium,baseline,404,0,12,12,0,320,612,8,0,224,76,0,2.164050579071045,0
chain_15,heavy,medium,passive,42,11,12,1,11,513,984,10,168,130,351,0,2.2034661769866943,0
chain_15,medium,medium,passive_c120_mp3,303,6,6,1,5,343,653,12,98,102,220,0,3.248908758163452,0
chain_15,heavy,medium,baseline,42,11,12,2,10,505,966,12,159,135,338,0,2.7977631092071533,0
chain_15,medium,medium,passive_c120_mp3,404,5,6,1,5,319,607,11,84,98,201,0,3.2230019569396973,0
chain_15,heavy,medium,passive,303,11,12,3,9,467,877,25,147,240,195,0,2.1398303508758545,0
chain_15,heavy,medium,baseline,202,11,12,1,11,468,893,11,168,88,348,0,2.949350595474243,0
chain_15,heavy,medium,baseline,303,11,12,3,9,467,877,25,147,240,195,0,3.32566237449646,0
chain_15,heavy,medium,passive,101,11,12,1,11,490,935,13,168,102,356,0,2.9133212566375732,0
chain_15,heavy,medium,passive,404,0,12,12,0,320,612,8,0,224,76,0,2.901181936264038,0
chain_15,heavy,medium,passive,202,11,12,1,11,468,893,11,168,88,348,0,3.2478365898132324,0
chain_15,heavy,medium,passive_mp2,101,11,12,1,11,490,935,13,168,102,356,0,2.13016676902771,0
chain_15,heavy,medium,passive_mp2,42,10,12,6,6,552,1052,11,210,237,274,0,2.420194625854492,0
chain_15,heavy,medium,passive_mp2,404,0,12,12,0,320,612,8,0,224,76,0,2.283271551132202,0
chain_15,heavy,medium,passive_mp2,202,11,12,1,11,468,893,11,168,88,348,0,2.679483652114868,0
chain_15,heavy,medium,passive_mp2,303,11,12,3,9,467,877,25,147,240,195,0,2.841538429260254,0
chain_15,heavy,medium,passive_mp3,202,11,12,1,11,468,893,11,168,88,348,0,2.5892579555511475,0
chain_15,heavy,medium,passive_mp4,101,11,12,1,11,490,935,13,168,102,356,0,2.165700912475586,0
chain_15,heavy,medium,passive_mp3,42,10,12,6,6,558,1057,12,210,237,274,0,3.2807490825653076,0
chain_15,heavy,medium,passive_mp3,101,11,12,1,11,490,935,13,168,102,356,0,3.3293025493621826,0
chain_15,heavy,medium,passive_mp3,303,11,12,3,9,467,877,25,147,240,195,0,3.2210693359375,0
chain_15,heavy,medium,passive_mp3,404,0,12,12,0,320,612,8,0,224,76,0,3.2318637371063232,0
chain_15,heavy,medium,passive_mp4,42,10,12,6,6,567,1065,16,207,243,271,0,2.942809581756592,0
chain_15,heavy,medium,passive_mp4,202,11,12,1,11,468,893,11,168,88,348,0,3.174811601638794,0
chain_15,heavy,medium,passive_mp4,303,11,12,3,9,467,877,25,147,240,195,0,3.231661796569824,0
chain_15,heavy,medium,passive_c120,42,11,12,2,10,505,966,12,159,135,338,0,3.0083038806915283,0
chain_15,heavy,medium,passive_c120,202,11,12,1,11,468,893,11,168,88,348,0,2.451594352722168,0
chain_15,heavy,medium,passive_c120,404,0,12,12,0,320,612,8,0,224,76,0,2.186537027359009,0
chain_15,heavy,medium,passive_mp4,404,0,12,12,0,320,612,8,0,224,76,0,3.391388177871704,0
chain_15,heavy,medium,passive_c120,101,11,12,1,11,490,935,13,168,102,356,0,2.7317423820495605,0
chain_15,heavy,medium,passive_c120_mp2,42,10,12,7,5,554,1051,17,207,248,266,0,2.342935562133789,0
chain_15,heavy,medium,passive_c120,303,11,12,3,9,467,877,25,147,240,195,0,2.781456708908081,0
chain_15,heavy,medium,passive_c120_mp2,202,11,12,1,11,468,893,11,168,88,348,0,2.267345666885376,0
chain_15,heavy,medium,passive_c120_mp2,303,11,12,3,9,467,877,25,147,240,195,0,2.4794809818267822,0
chain_15,heavy,medium,passive_c120_mp2,101,11,12,1,11,490,935,13,168,102,356,0,2.778292417526245,0
chain_15,heavy,medium,passive_c120_mp3,202,11,12,1,11,468,893,11,168,88,348,0,2.207150936126709,0
chain_15,heavy,medium,passive_c120_mp2,404,0,12,12,0,320,612,8,0,224,76,0,3.2304134368896484,0
chain_15,heavy,medium,passive_c120_mp3,42,9,12,7,5,546,1034,14,196,248,254,0,3.1518423557281494,0
chain_15,heavy,medium,passive_c120_mp3,303,11,12,3,9,467,877,25,147,240,195,0,2.1870229244232178,0
chain_15,heavy,medium,passive_c120_mp3,404,0,12,12,0,320,612,8,0,224,76,0,2.259458065032959,0
grid_3x3,light,medium,baseline,303,2,2,2,0,185,658,157,12,110,53,0,1.9031116962432861,0
grid_3x3,light,medium,baseline,404,2,2,2,0,166,563,163,12,94,51,0,1.9414474964141846,0
grid_3x3,light,medium,passive,42,2,2,0,2,161,598,103,20,81,59,0,1.9004240036010742,0
chain_15,heavy,medium,passive_c120_mp3,101,11,12,1,11,490,935,13,168,102,356,0,3.321424722671509,0
grid_3x3,light,medium,baseline,42,2,2,2,0,166,605,119,13,90,54,0,2.7891907691955566,0
grid_3x3,light,medium,baseline,101,3,3,3,0,209,704,222,14,132,54,0,2.888195753097534,0
grid_3x3,light,medium,baseline,202,1,2,2,0,178,588,205,1,108,51,0,2.841989278793335,0
grid_3x3,light,medium,passive,101,3,3,0,3,209,728,198,30,123,64,0,2.257707357406616,0
grid_3x3,light,medium,passive,202,1,2,0,2,181,603,203,10,108,54,0,2.155571699142456,0
grid_3x3,light,medium,passive_mp2,101,3,3,0,3,212,731,198,30,123,64,0,1.9000499248504639,0
grid_3x3,light,medium,passive,303,2,2,0,2,181,658,138,20,101,59,0,2.1201422214508057,0
grid_3x3,light,medium,passive_mp2,42,2,2,0,2,163,598,105,20,81,59,0,2.1452698707580566,0
grid_3x3,light,medium,passive,404,2,2,0,2,162,573,136,20,85,57,0,2.32743763923645,0
grid_3x3,light,medium,passive_mp2,202,2,2,0,2,196,649,217,20,117,57,0,2.23301100730896,0
grid_3x3,light,medium,passive_mp2,303,2,2,0,2,183,652,146,20,101,59,0,2.3211090564727783,0
grid_3x3,light,medium,passive_mp2,404,2,2,0,2,164,572,139,20,85,57,0,2.2168262004852295,0
grid_3x3,light,medium,passive_mp3,42,2,2,0,2,165,601,104,20,81,59,0,2.1807563304901123,0
grid_3x3,light,medium,passive_mp3,202,2,2,0,2,198,651,217,20,117,57,0,2.1983118057250977,0
grid_3x3,light,medium,passive_mp3,101,3,3,0,3,215,724,208,30,123,64,0,2.342646837234497,0
grid_3x3,light,medium,passive_mp3,303,2,2,0,2,185,657,143,20,101,59,0,2.3697938919067383,0
grid_3x3,light,medium,passive_mp3,404,2,2,0,2,166,575,138,20,85,57,0,2.522568941116333,0
grid_3x3,light,medium,passive_mp4,101,3,3,0,3,218,728,207,30,123,64,0,2.1152524948120117,0
grid_3x3,light,medium,passive_mp4,42,2,2,0,2,167,600,107,20,81,59,0,2.3138272762298584,0
grid_3x3,light,medium,passive_mp4,303,2,2,0,2,187,655,147,20,101,59,0,1.8741211891174316,0
grid_3x3,light,medium,passive_mp4,404,2,2,0,2,168,566,149,20,85,57,0,2.02978777885437,0
grid_3x3,light,medium,passive_c120,42,2,2,2,0,166,605,119,13,90,54,0,2.0479912757873535,0
grid_3x3,light,medium,passive_mp4,202,2,2,0,2,200,647,223,20,117,57,0,2.3736119270324707,0
grid_3x3,light,medium,passive_c120,303,2,2,2,0,185,658,157,12,110,53,0,1.962550401687622,0
grid_3x3,light,medium,passive_c120,202,1,2,2,0,178,588,205,1,108,51,0,2.081564426422119,0
grid_3x3,light,medium,passive_c120_mp2,42,2,2,2,0,166,605,119,13,90,54,0,1.9505116939544678,0
grid_3x3,light,medium,passive_c120_mp2,101,3,3,3,0,209,704,222,14,132,54,0,1.9368460178375244,0
grid_3x3,light,medium,passive_c120,404,2,2,2,0,166,563,163,12,94,51,0,2.2007265090942383,0
grid_3x3,light,medium,passive_c120_mp2,202,1,2,2,0,178,588,205,1,108,51,0,1.8413798809051514,0
grid_3x3,light,medium,passive_c120,101,3,3,3,0,209,704,222,14,132,54,0,2.897343635559082,0
grid_3x3,light,medium,passive_c120_mp2,404,2,2,2,0,166,563,163,12,94,51,0,1.9584219455718994,0
grid_3x3,light,medium,passive_c120_mp3,42,2,2,2,0,166,605,119,13,90,54,0,2.0772385597229004,0
grid_3x3,light,medium,passive_c120_mp2,303,2,2,2,0,185,658,157,12,110,53,0,2.498776435852051,0
grid_3x3,light,medium,passive_c120_mp3,101,3,3,3,0,209,704,222,14,132,54,0,2.1067054271698,0
grid_3x3,light,medium,passive_c120_mp3,202,1,2,2,0,178,588,205,1,108,51,0,2.224477767944336,0
grid_3x3,light,medium,passive_c120_mp3,303,2,2,2,0,185,658,157,12,110,53,0,2.316640853881836,0
grid_3x3,medium,medium,baseline,42,4,4,2,2,195,708,141,34,108,60,0,1.9781620502471924,0
grid_3x3,light,medium,passive_c120_mp3,404,2,2,2,0,166,563,163,12,94,51,0,2.50984525680542,0
grid_3x3,medium,medium,baseline,101,6,6,6,0,231,766,249,6,150,53,0,2.1218936443328857,0
grid_3x3,medium,medium,passive,42,4,4,0,4,180,658,117,31,90,65,0,1.8540945053100586,0
grid_3x3,medium,medium,baseline,404,4,4,3,1,191,638,193,23,112,54,0,2.0386321544647217,0
grid_3x3,medium,medium,baseline,202,4,4,2,2,233,789,242,39,144,63,0,2.1982295513153076,0
grid_3x3,medium,medium,passive,101,6,6,0,6,253,879,234,60,150,75,0,2.0937533378601074,0
grid_3x3,medium,medium,baseline,303,4,4,3,1,223,796,185,36,137,59,0,2.367877960205078,0
grid_3x3,medium,medium,passive,202,4,4,0,4,222,742,240,40,135,63,0,1.9500935077667236,0
grid_3x3,medium,medium,passive_mp2,42,4,4,0,4,184,658,121,31,90,65,0,2.140122890472412,0
grid_3x3,medium,medium,passive,303,4,4,0,4,209,755,159,40,119,65,0,2.369415044784546,0
grid_3x3,medium,medium,passive,404,4,4,0,4,190,673,154,40,103,63,0,2.173870801925659,0
grid_3x3,medium,medium,passive_mp2,101,6,6,0,6,259,885,234,60,150,75,0,2.1780128479003906,0
grid_3x3,medium,medium,passive_mp3,42,4,4,0,4,188,656,127,31,90,65,0,1.9323358535766602,0
grid_3x3,medium,medium,passive_mp2,404,4,4,0,4,194,674,157,40,103,63,0,2.0846872329711914,0
grid_3x3,medium,medium,passive_mp2,303,4,4,0,4,213,756,162,40,119,65,0,2.2969558238983154,0
grid_3x3,medium,medium,passive_mp3,303,4,4,0,4,217,756,166,40,119,65,0,1.9179797172546387,0
grid_3x3,medium,medium,passive_mp2,202,4,4,0,4,226,745,239,40,135,63,0,2.496187448501587,0
grid_3x3,medium,medium,passive_mp3,101,6,6,0,6,265,896,229,60,150,75,0,2.1350135803222656,0
grid_3x3,medium,medium,passive_mp3,202,4,4,0,4,230,747,241,40,135,63,0,2.055788516998291,0
grid_3x3,medium,medium,passive_mp3,404,4,4,0,4,198,677,158,40,103,63,0,1.9341776371002197,0
grid_3x3,medium,medium,passive_mp4,42,4,4,0,4,201,698,133,40,99,65,0,2.153735399246216,0
grid_3x3,medium,medium,passive_mp4,101,6,6,0,6,271,892,239,60,150,75,0,2.231325626373291,0
grid_3x3,medium,medium,passive_mp4,202,4,4,0,4,234,751,243,40,135,63,0,1.8965024948120117,0
grid_3x3,medium,medium,passive_mp4,404,4,4,0,4,202,674,165,40,103,63,0,2.2056355476379395,0
grid_3x3,medium,medium,passive_mp4,303,4,4,0,4,221,756,170,40,119,65,0,2.458455801010132,0
grid_3x3,medium,medium,passive_c120,42,4,4,2,2,195,708,141,34,108,60,0,2.3304786682128906,0
grid_3x3,medium,medium,passive_c120,202,4,4,2,2,233,789,242,39,144,63,0,2.03718638420105,0
grid_3x3,medium,medium,passive_c120,404,4,4,3,1,191,638,193,23,112,54,0,1.8683631420135498,0
grid_3x3,medium,medium,passive_c120_mp2,42,4,4,2,2,197,709,142,34,108,60,0,1.9173483848571777,0
grid_3x3,medium,medium,passive_c120,101,6,6,6,0,231,766,249,6,150,53,0,2.14084529876709,0
grid_3x3,medium,medium,passive_c120_mp2,202,4,4,2,2,235,780,251,39,144,63,0,1.860804557800293,0
grid_3x3,medium,medium,passive_c120_mp2,101,6,6,6,0,231,766,249,6,150,53,0,2.063420295715332,0
grid_3x3,medium,medium,passive_c120_mp2,303,4,4,3,1,221,786,180,33,137,56,0,1.9129455089569092,0
grid_3x3,medium,medium,passive_c120,303,4,4,3,1,223,796,185,36,137,59,0,2.4744155406951904,0
grid_3x3,medium,medium,passive_c120_mp3,42,4,4,2,2,199,711,142,34,108,60,0,1.9219121932983398,0
grid_3x3,medium,medium,passive_c120_mp2,404,4,4,3,1,192,643,189,23,112,54,0,2.246187925338745,0
grid_3x3,medium,medium,passive_c120_mp3,101,6,6,6,0,231,766,249,6,150,53,0,2.366715908050537,0
grid_3x3,medium,medium,passive_c120_mp3,202,4,4,2,2,237,791,244,39,144,63,0,2.1552836894989014,0
grid_3x3,medium,medium,passive_c120_mp3,404,4,4,3,1,193,640,193,23,112,54,0,1.862623691558838,0
grid_3x3,heavy,medium,baseline,101,10,12,6,6,285,990,259,54,150,95,0,1.8482701778411865,0
grid_3x3,heavy,medium,baseline,404,8,8,4,4,242,825,218,52,130,78,0,1.8520348072052002,0
grid_3x3,heavy,medium,baseline,303,7,8,3,5,264,919,231,63,164,66,0,1.9087135791778564,0
grid_3x3,heavy,medium,baseline,42,7,8,7,1,224,757,207,26,135,56,0,2.019134998321533,0
grid_3x3,heavy,medium,passive,42,7,8,0,8,232,824,173,70,126,74,0,1.8967573642730713,0
grid_3x3,heavy,medium,passive,101,10,12,0,12,315,1094,277,100,186,91,0,1.9409618377685547,0
grid_3x3,medium,medium,passive_c120_mp3,303,4,4,3,1,212,746,176,23,128,56,0,2.6364715099334717,0
grid_3x3,heavy,medium,baseline,202,7,8,6,2,260,850,290,35,171,57,0,2.305727481842041,0
grid_3x3,heavy,medium,passive,303,8,8,0,8,265,945,205,80,155,77,0,1.9487757682800293,0
grid_3x3,heavy,medium,passive,404,8,8,0,8,246,887,176,80,139,75,0,1.9151248931884766,0
grid_3x3,heavy,medium,passive,202,6,8,0,8,253,855,251,60,153,70,0,2.4043803215026855,0
grid_3x3,heavy,medium,passive_mp2,101,10,12,0,12,327,1111,272,100,186,91,0,2.0487942695617676,0
grid_3x3,heavy,medium,passive_mp2,202,6,8,0,8,261,852,262,60,153,70,0,1.8776400089263916,0
grid_3x3,heavy,medium,passive_mp3,101,10,12,0,12,339,1119,274,100,186,91,0,1.8742868900299072,0
grid_3x3,heavy,medium,passive_mp2,42,7,8,0,8,232,807,156,62,118,74,0,2.4618427753448486,0
grid_3x3,heavy,medium,passive_mp2,303,8,8,0,8,273,954,204,80,155,77,0,2.1314127445220947,0
grid_3x3,heavy,medium,passive_mp3,42,7,8,0,8,240,812,157,62,118,74,0,2.031236171722412,0
grid_3x3,heavy,medium,passive_mp3,202,6,8,0,8,269,855,267,60,153,70,0,1.8766288757324219,0
grid_3x3,heavy,medium,passive_mp3,404,8,8,0,8,262,875,202,80,139,75,0,1.9065117835998535,0
grid_3x3,heavy,medium,passive_mp4,42,7,8,0,8,247,803,172,61,117,74,0,1.920152187347412,0
grid_3x3,heavy,medium,passive_mp3,303,8,8,0,8,281,947,219,80,155,77,0,2.102959156036377,0
grid_3x3,heavy,medium,passive_mp2,404,8,8,0,8,254,875,194,80,139,75,0,2.7675814628601074,0
grid_3x3,heavy,medium,passive_mp4,202,7,8,0,8,289,921,263,70,162,72,0,1.9568772315979004,0
grid_3x3,heavy,medium,passive_mp4,101,12,12,0,12,383,1251,300,120,204,103,0,2.3781261444091797,0
grid_3x3,heavy,medium,passive_mp4,303,8,8,0,8,289,964,210,80,155,77,0,2.233626365661621,0
grid_3x3,heavy,medium,passive_mp4,404,8,8,0,8,270,888,199,80,139,75,0,1.9211781024932861,0
grid_3x3,heavy,medium,passive_c120,42,7,8,7,1,224,757,207,26,135,56,0,2.0276196002960205,0
grid_3x3,heavy,medium,passive_c120,101,10,12,9,3,307,1031,315,58,186,80,0,1.868243932723999,0
grid_3x3,heavy,medium,passive_c120,202,7,8,7,1,257,828,299,26,171,54,0,1.8585493564605713,0
grid_3x3,heavy,medium,passive_c120,303,8,8,5,3,281,973,257,66,182,63,0,1.8619449138641357,0
grid_3x3,heavy,medium,passive_c120,404,8,8,6,2,246,836,229,44,148,64,0,1.853367567062378,0
grid_3x3,heavy,medium,passive_c120_mp2,202,7,8,7,1,258,829,299,26,171,54,0,1.891427755355835,0
grid_3x3,heavy,medium,passive_c120_mp2,101,10,12,9,3,320,1053,338,68,195,80,0,2.0181052684783936,0
grid_3x3,heavy,medium,passive_c120_mp2,303,8,8,6,2,266,939,216,43,164,65,0,1.9107604026794434,0
grid_3x3,heavy,medium,passive_c120_mp2,42,7,8,7,1,225,758,207,26,135,56,0,2.386476516723633,0
grid_3x3,heavy,medium,passive_c120_mp3,42,7,8,7,1,226,760,206,26,135,56,0,1.8953392505645752,0
grid_3x3,heavy,medium,passive_c120_mp3,101,10,12,10,2,301,971,330,42,186,71,0,1.9939990043640137,0
grid_3x3,heavy,medium,passive_c120_mp3,202,7,8,6,2,271,891,280,42,171,63,0,1.9306201934814453,0
grid_3x3,heavy,medium,passive_c120_mp2,404,8,8,6,2,248,838,229,44,148,64,0,2.4482622146606445,0
grid_3x3,heavy,medium,passive_c120_mp3,404,8,8,6,2,250,842,227,44,148,64,0,1.901637077331543,0
grid_3x3,heavy,medium,passive_c120_mp3,303,8,8,6,2,279,955,242,54,173,66,0,2.5368645191192627,0
grid_5x5,light,medium,baseline,101,2,3,3,0,472,1853,812,2,305,145,0,4.166691064834595,0
grid_5x5,light,medium,baseline,303,3,3,3,0,542,2035,1030,3,371,147,0,4.168642520904541,0
grid_5x5,light,medium,passive,101,1,3,0,3,453,1787,770,26,280,152,0,4.1641809940338135,0
grid_5x5,light,medium,baseline,42,2,3,3,0,551,2073,1045,59,377,150,0,4.728430986404419,0
grid_5x5,light,medium,passive,202,1,3,0,3,461,1743,854,26,279,157,0,4.057820558547974,0
grid_5x5,light,medium,baseline,404,3,3,3,0,587,2244,1092,31,412,147,0,4.3612024784088135,0
grid_5x5,light,medium,passive,42,0,3,0,3,446,1716,798,0,277,149,0,4.635184288024902,0
grid_5x5,light,medium,passive,404,2,3,0,3,544,2128,959,52,362,156,0,4.19441556930542,0
grid_5x5,light,medium,passive_mp2,42,1,3,0,3,480,1831,859,26,302,154,0,4.209979295730591,0
grid_5x5,light,medium,passive_mp2,101,3,3,0,3,519,2051,866,78,330,163,0,4.278758525848389,0
grid_5x5,light,medium,baseline,202,3,3,3,0,503,1858,977,3,329,147,0,5.588663101196289,0
grid_5x5,light,medium,passive_mp2,202,1,3,0,3,463,1735,864,26,279,157,0,4.137356519699097,0
grid_5x5,light,medium,passive,303,1,3,0,3,498,1877,929,26,321,155,0,5.311472177505493,0
grid_5x5,light,medium,passive_mp2,303,1,3,0,3,501,1880,929,26,321,155,0,4.500263452529907,0
grid_5x5,light,medium,passive_mp2,404,2,3,0,3,547,2129,961,52,362,156,0,4.194788932800293,0
grid_5x5,light,medium,passive_mp3,42,1,3,0,3,483,1833,860,26,302,154,0,4.2408435344696045,0
grid_5x5,light,medium,passive_mp3,303,1,3,0,3,504,1883,929,26,321,155,0,4.076274633407593,0
grid_5x5,light,medium,passive_mp3,404,2,3,0,3,550,2130,963,52,362,156,0,4.096673965454102,0
grid_5x5,light,medium,passive_mp3,101,3,3,0,3,520,2029,880,76,328,163,0,4.295954942703247,0
grid_5x5,light,medium,passive_mp3,202,1,3,0,3,465,1743,858,26,279,157,0,4.234567403793335,0
grid_5x5,light,medium,passive_mp4,101,3,3,0,3,525,2065,860,78,330,163,0,4.197839736938477,0
grid_5x5,light,medium,passive_mp4,202,1,3,0,3,467,1739,864,26,279,157,0,4.185878276824951,0
grid_5x5,light,medium,passive_mp4,303,1,3,0,3,507,1894,921,26,321,155,0,4.060678243637085,0
grid_5x5,light,medium,passive_c120,42,2,3,3,0,551,2073,1045,59,377,150,0,4.075355529785156,0
grid_5x5,light,medium,passive_mp4,404,2,3,0,3,553,2126,970,52,362,156,0,4.801697731018066,0
grid_5x5,light,medium,passive_c120,101,2,3,3,0,472,1853,812,2,305,145,0,4.339483022689819,0
grid_5x5,light,medium,passive_mp4,42,1,3,0,3,487,1849,855,26,302,155,0,5.639785289764404,0
grid_5x5,light,medium,passive_c120,202,3,3,3,0,503,1858,977,3,329,147,0,4.107105731964111,0
grid_5x5,light,medium,passive_c120_mp2,42,2,3,3,0,551,2073,1045,59,377,150,0,4.2348175048828125,0
grid_5x5,light,medium,passive_c120_mp2,303,3,3,3,0,542,2035,1030,3,371,147,0,4.168291807174683,0
grid_5x5,light,medium,passive_c120_mp2,202,3,3,3,0,503,1858,977,3,329,147,0,4.240606784820557,0
grid_5x5,light,medium,passive_c120,404,3,3,3,0,587,2244,1092,31,412,147,0,4.8142759799957275,0
grid_5x5,light,medium,passive_c120_mp2,101,2,3,3,0,472,1853,812,2,305,145,0,4.467377662658691,0
grid_5x5,light,medium,passive_c120,303,3,3,3,0,542,2035,1030,3,371,147,0,5.2835612297058105,0
grid_5x5,light,medium,passive_c120_mp2,404,3,3,3,0,587,2244,1092,31,412,147,0,4.188410520553589,0
grid_5x5,light,medium,passive_c120_mp3,42,2,3,3,0,551,2073,1045,59,377,150,0,4.17950701713562,0
grid_5x5,light,medium,passive_c120_mp3,101,2,3,3,0,472,1853,812,2,305,145,0,4.197767972946167,0
grid_5x5,light,medium,passive_c120_mp3,202,3,3,3,0,503,1858,977,3,329,147,0,4.264887571334839,0
grid_5x5,medium,medium,baseline,42,6,6,6,0,627,2353,1189,32,452,145,0,4.174401521682739,0
grid_5x5,light,medium,passive_c120_mp3,303,3,3,3,0,542,2035,1030,3,371,147,0,4.416723966598511,0
grid_5x5,light,medium,passive_c120_mp3,404,3,3,3,0,587,2244,1092,31,412,147,0,4.84122896194458,0
grid_5x5,medium,medium,baseline,101,6,6,6,0,605,2306,1107,32,430,145,0,4.924600839614868,0
grid_5x5,medium,medium,baseline,303,6,6,6,0,654,2398,1290,37,471,152,0,4.151818752288818,0
grid_5x5,medium,medium,baseline,202,6,6,6,0,584,2135,1148,6,404,147,0,4.384077310562134,0
grid_5x5,medium,medium,passive,101,6,6,0,6,615,2418,1048,156,405,181,0,4.085289239883423,0
grid_5x5,medium,medium,passive,42,4,6,0,6,577,2258,1001,104,377,173,0,4.11051082611084,0
grid_5x5,medium,medium,passive,303,2,6,0,6,535,2006,991,52,346,163,0,4.237867116928101,0
grid_5x5,medium,medium,passive_mp2,42,4,6,0,6,583,2274,993,104,377,173,0,4.18574595451355,0
grid_5x5,medium,medium,baseline,404,6,6,6,0,703,2628,1357,69,512,156,0,4.9759886264801025,0
grid_5x5,medium,medium,passive,404,4,6,0,6,610,2358,1089,104,412,167,0,4.445824861526489,0
grid_5x5,medium,medium,passive_mp2,101,5,6,0,6,590,2314,979,130,380,176,0,4.145590543746948,0
grid_5x5,medium,medium,passive,202,3,6,0,6,533,2040,954,78,329,174,0,5.395336389541626,0
grid_5x5,medium,medium,passive_mp2,404,4,6,0,6,616,2359,1094,104,412,167,0,4.20816445350647,0
grid_5x5,medium,medium,passive_mp2,202,3,6,0,6,537,2076,924,78,329,174,0,4.958367347717285,0
grid_5x5,medium,medium,passive_mp2,303,2,6,0,6,541,2022,981,52,346,163,0,5.126921892166138,0
grid_5x5,medium,medium,passive_mp3,42,3,6,0,6,559,2163,933,78,352,169,0,5.544699192047119,0
grid_5x5,medium,medium,passive_mp3,303,2,6,0,6,547,2026,983,52,346,163,0,4.077665090560913,0
grid_5x5,medium,medium,passive_mp3,101,5,6,0,6,596,2363,938,130,380,176,0,4.297788143157959,0
grid_5x5,medium,medium,passive_mp3,404,4,6,0,6,622,2374,1085,104,412,167,0,4.5499427318573,0
grid_5x5,medium,medium,passive_mp4,42,2,6,0,6,535,2015,908,52,327,165,0,4.1038384437561035,0
grid_5x5,medium,medium,passive_mp4,202,4,6,0,6,574,2196,979,104,354,177,0,4.170296907424927,0
grid_5x5,medium,medium,passive_mp4,404,4,6,0,6,628,2386,1079,104,412,167,0,4.169533967971802,0
grid_5x5,medium,medium,passive_mp3,202,4,6,0,6,570,2167,1004,104,354,177,0,5.766402244567871,0
grid_5x5,medium,medium,passive_c120,42,6,6,6,0,627,2353,1189,32,452,145,0,4.214348077774048,0
grid_5x5,medium,medium,passive_mp4,303,2,6,0,6,553,2035,980,52,346,163,0,5.1489458084106445,0
grid_5x5,medium,medium,passive_c120,101,6,6,6,0,605,2306,1107,32,430,145,0,4.163808822631836,0
grid_5x5,medium,medium,passive_mp4,101,5,6,0,6,602,2344,963,130,380,176,0,5.771269798278809,0
grid_5x5,medium,medium,passive_c120,303,6,6,6,0,654,2398,1290,37,471,152,0,4.074445724487305,0
grid_5x5,medium,medium,passive_c120,202,6,6,6,0,584,2135,1148,6,404,147,0,4.468940258026123,0
grid_5x5,medium,medium,passive_c120_mp2,42,6,6,6,0,627,2353,1189,32,452,145,0,4.078677415847778,0
grid_5x5,medium,medium,passive_c120,404,6,6,6,0,703,2628,1357,69,512,156,0,4.3403849601745605,0
grid_5x5,medium,medium,passive_c120_mp2,202,6,6,6,0,584,2135,1148,6,404,147,0,4.424533128738403,0
grid_5x5,medium,medium,passive_c120_mp2,101,6,6,6,0,605,2306,1107,32,430,145,0,4.875700950622559,0
grid_5x5,medium,medium,passive_c120_mp2,404,6,6,6,0,703,2628,1357,69,512,156,0,4.205904960632324,0
grid_5x5,medium,medium,passive_c120_mp3,42,6,6,6,0,627,2353,1189,32,452,145,0,4.106776714324951,0
grid_5x5,medium,medium,passive_c120_mp2,303,6,6,6,0,654,2398,1290,37,471,152,0,5.249033689498901,0
grid_5x5,medium,medium,passive_c120_mp3,202,6,6,6,0,584,2135,1148,6,404,147,0,4.245238304138184,0
grid_5x5,medium,medium,passive_c120_mp3,303,6,6,6,0,654,2398,1290,37,471,152,0,4.160266160964966,0
grid_5x5,medium,medium,passive_c120_mp3,101,6,6,6,0,605,2306,1107,32,430,145,0,4.471587896347046,0
grid_5x5,medium,medium,passive_c120_mp3,404,6,6,6,0,703,2628,1357,69,512,156,0,4.902453899383545,0
grid_5x5,heavy,medium,baseline,101,10,12,9,3,752,2851,1376,110,553,158,0,4.559330463409424,0
grid_5x5,heavy,medium,baseline,202,12,12,9,3,785,2895,1522,113,575,165,0,4.561991453170776,0
grid_5x5,heavy,medium,baseline,42,11,12,7,5,812,3031,1532,161,576,192,0,5.048654317855835,0
grid_5x5,heavy,medium,baseline,303,11,12,10,2,821,2994,1628,113,621,157,0,4.589802265167236,0
grid_5x5,heavy,medium,passive,101,9,12,0,12,720,2880,1155,231,477,205,0,4.182710409164429,0
grid_5x5,heavy,medium,passive,42,5,12,0,12,629,2442,1084,130,404,191,0,4.351158380508423,0
grid_5x5,heavy,medium,passive,303,3,12,0,12,578,2153,1051,78,371,174,0,4.078789710998535,0
grid_5x5,heavy,medium,baseline,404,12,12,4,8,812,3145,1383,191,524,240,0,5.317417621612549,0
grid_5x5,heavy,medium,passive,404,7,12,0,12,712,2776,1218,182,487,185,0,4.418715238571167,0
grid_5x5,heavy,medium,passive_mp2,202,8,12,4,8,681,2534,1237,108,455,178,0,4.112511157989502,0
grid_5x5,heavy,medium,passive_mp2,101,10,12,0,12,764,3030,1206,260,505,208,0,4.584399938583374,0
grid_5x5,heavy,medium,passive,202,6,12,0,12,640,2455,1124,156,404,197,0,5.7283854484558105,0
grid_5x5,heavy,medium,passive_mp2,42,6,12,0,12,667,2580,1117,156,429,191,0,5.018524408340454,0
grid_5x5,heavy,medium,passive_mp2,303,3,12,0,12,590,2182,1034,78,371,174,0,4.2851996421813965,0
grid_5x5,heavy,medium,passive_mp2,404,7,12,0,12,724,2813,1195,182,487,185,0,4.309285402297974,0
grid_5x5,heavy,medium,passive_mp3,42,6,12,0,12,651,2476,1064,129,402,190,0,4.09447717666626,0
grid_5x5,heavy,medium,passive_mp3,101,10,12,0,12,776,3037,1211,260,505,208,0,4.753028869628906,0
grid_5x5,heavy,medium,passive_mp3,202,6,12,0,12,656,2474,1123,156,405,197,0,4.306383371353149,0
grid_5x5,heavy,medium,passive_mp3,303,4,12,0,12,633,2296,1108,104,396,179,0,4.194908142089844,0
grid_5x5,heavy,medium,passive_mp3,404,7,12,0,12,737,2836,1184,181,486,187,0,4.834439516067505,0
grid_5x5,heavy,medium,passive_mp4,202,6,12,0,12,665,2515,1098,156,405,198,0,4.584245204925537,0
grid_5x5,heavy,medium,passive_mp4,101,11,12,0,12,818,3129,1301,286,530,212,0,5.357249975204468,0
grid_5x5,heavy,medium,passive_mp4,404,7,12,0,12,750,2813,1225,182,486,187,0,4.34818959236145,0
grid_5x5,heavy,medium,passive_mp4,42,7,12,0,12,692,2586,1129,157,422,198,0,5.822850704193115,0
grid_5x5,heavy,medium,passive_c120,42,11,12,9,3,820,3040,1571,130,601,175,0,4.447397470474243,0
grid_5x5,heavy,medium,passive_mp4,303,3,12,0,12,615,2193,1051,78,371,175,0,5.035029888153076,0
grid_5x5,heavy,medium,passive_c120,303,11,12,11,1,816,2948,1645,88,621,152,0,4.241628170013428,0
grid_5x5,heavy,medium,passive_c120,404,12,12,9,3,891,3319,1684,172,650,192,0,4.290260076522827,0
grid_5x5,heavy,medium,passive_c120,202,12,12,10,2,845,3042,1703,156,622,175,0,4.436488628387451,0
grid_5x5,heavy,medium,passive_c120,101,10,12,10,2,747,2818,1382,85,553,153,0,5.234436988830566,0
grid_5x5,heavy,medium,passive_c120_mp2,42,11,12,9,3,823,3028,1586,130,601,175,0,4.128070592880249,0
grid_5x5,heavy,medium,passive_c120_mp2,101,10,12,10,2,804,3011,1501,142,601,158,0,4.103130102157593,0
grid_5x5,heavy,medium,passive_c120_mp2,202,12,12,10,2,794,2953,1502,101,575,171,0,4.210061550140381,0
grid_5x5,heavy,medium,passive_c120_mp2,303,11,12,11,1,822,2993,1624,93,621,157,0,4.190582752227783,0
grid_5x5,heavy,medium,passive_c120_mp2,404,12,12,8,4,901,3348,1691,198,649,198,0,4.319803953170776,0
grid_5x5,heavy,medium,passive_c120_mp3,101,11,12,10,2,810,3062,1478,142,603,160,0,4.209333896636963,0
grid_5x5,heavy,medium,passive_c120_mp3,303,11,12,11,1,816,2960,1622,88,619,152,0,4.173670530319214,0
grid_5x5_nodiag,light,medium,baseline,101,2,3,3,0,520,1223,468,53,351,146,0,4.028788328170776,0
grid_5x5_nodiag,light,medium,baseline,42,1,3,3,0,480,1114,446,26,314,145,0,4.111576795578003,0
grid_5x5_nodiag,light,medium,baseline,303,0,2,2,0,448,1058,404,0,283,147,0,3.9895949363708496,0
grid_5x5_nodiag,light,medium,baseline,404,2,2,2,0,437,998,417,33,265,151,0,4.00448203086853,0
grid_5x5,heavy,medium,passive_c120_mp3,42,11,12,9,3,826,3016,1601,130,601,175,0,5.642710208892822,0
grid_5x5,heavy,medium,passive_c120_mp3,202,12,12,10,2,822,3010,1569,130,598,173,0,5.528225660324097,0
grid_5x5,heavy,medium,passive_c120_mp3,404,12,12,9,3,891,3337,1647,166,649,187,0,5.50542688369751,0
grid_5x5_nodiag,light,medium,baseline,202,2,2,2,0,415,944,393,33,242,152,0,5.350596904754639,0
grid_5x5_nodiag,light,medium,passive,42,1,3,1,2,464,1080,424,26,296,147,0,4.748018026351929,0
grid_5x5_nodiag,light,medium,passive,202,2,2,0,2,396,911,362,50,219,157,0,4.102109432220459,0
grid_5x5_nodiag,light,medium,passive,101,2,3,1,2,499,1187,433,52,327,150,0,4.9718053340911865,0
grid_5x5_nodiag,light,medium,passive,303,1,2,0,2,436,1042,375,26,263,154,0,4.30764102935791,0
grid_5x5_nodiag,light,medium,passive_mp2,42,2,3,1,2,489,1123,455,50,313,152,0,4.106288433074951,0
grid_5x5_nodiag,light,medium,passive,404,2,2,1,1,410,953,374,25,239,151,0,4.216771125793457,0
grid_5x5_nodiag,light,medium,passive_mp2,202,2,2,0,2,396,903,364,48,217,157,0,4.113340139389038,0
grid_5x5_nodiag,light,medium,passive_mp2,404,2,2,1,1,413,961,374,27,241,151,0,4.049861431121826,0
grid_5x5_nodiag,light,medium,passive_mp3,101,3,3,1,2,508,1200,440,51,325,157,0,4.076045989990234,0
grid_5x5_nodiag,light,medium,passive_mp2,101,3,3,1,2,526,1242,467,73,345,157,0,5.008634805679321,0
grid_5x5_nodiag,light,medium,passive_mp3,42,2,3,1,2,473,1104,420,26,296,152,0,4.3330700397491455,0
grid_5x5_nodiag,light,medium,passive_mp2,303,1,2,0,2,437,1055,361,25,262,154,0,4.718984365463257,0
grid_5x5_nodiag,light,medium,passive_mp3,202,2,2,0,2,402,930,355,52,221,157,0,4.345002889633179,0
grid_5x5_nodiag,light,medium,passive_mp3,303,1,2,0,2,440,1061,360,26,263,154,0,4.006085634231567,0
grid_5x5_nodiag,light,medium,passive_mp4,42,2,3,1,2,503,1151,463,55,316,159,0,4.938015460968018,0
grid_5x5_nodiag,light,medium,passive_mp4,101,1,3,1,2,476,1118,416,26,297,153,0,4.824779987335205,0
grid_5x5_nodiag,light,medium,passive_mp3,404,2,2,1,1,436,1003,404,50,262,151,0,5.714700222015381,0
grid_5x5_nodiag,light,medium,passive_mp4,202,1,2,0,2,375,850,343,26,196,154,0,4.107665777206421,0
grid_5x5_nodiag,light,medium,passive_mp4,303,1,2,0,2,442,1064,359,26,263,154,0,4.196600914001465,0
grid_5x5_nodiag,light,medium,passive_mp4,404,2,2,1,1,436,998,407,49,261,151,0,4.290107250213623,0
grid_5x5_nodiag,light,medium,passive_c120,42,1,3,3,0,480,1114,446,26,314,145,0,4.0887229442596436,0
grid_5x5_nodiag,light,medium,passive_c120,101,2,3,3,0,520,1223,468,53,351,146,0,4.1993303298950195,0
grid_5x5_nodiag,light,medium,passive_c120,202,2,2,2,0,415,944,393,33,242,152,0,4.051637172698975,0
grid_5x5_nodiag,light,medium,passive_c120_mp2,42,1,3,3,0,480,1114,446,26,314,145,0,4.29177713394165,0
grid_5x5_nodiag,light,medium,passive_c120_mp2,202,2,2,2,0,415,944,393,33,242,152,0,4.105562925338745,0
grid_5x5_nodiag,light,medium,passive_c120,404,2,2,2,0,437,998,417,33,265,151,0,4.664186477661133,0
grid_5x5_nodiag,light,medium,passive_c120,303,0,2,2,0,448,1058,404,0,283,147,0,4.827632904052734,0
grid_5x5_nodiag,light,medium,passive_c120_mp2,101,2,3,3,0,520,1223,468,53,351,146,0,4.852333068847656,0
grid_5x5_nodiag,light,medium,passive_c120_mp2,303,0,2,2,0,448,1058,404,0,283,147,0,4.05016827583313,0
grid_5x5_nodiag,light,medium,passive_c120_mp2,404,2,2,2,0,437,998,417,33,265,151,0,4.329180717468262,0
grid_5x5_nodiag,light,medium,passive_c120_mp3,42,1,3,3,0,480,1114,446,26,314,145,0,4.1577959060668945,0
grid_5x5_nodiag,light,medium,passive_c120_mp3,101,2,3,3,0,520,1223,468,53,351,146,0,4.135201930999756,0
grid_5x5_nodiag,light,medium,passive_c120_mp3,404,2,2,2,0,437,998,417,33,265,151,0,4.038887023925781,0
grid_5x5_nodiag,medium,medium,baseline,42,5,6,4,2,614,1444,546,90,415,170,0,4.054992437362671,0
grid_5x5_nodiag,medium,medium,baseline,101,4,6,6,0,592,1362,560,36,415,150,0,4.13954496383667,0
grid_5x5_nodiag,light,medium,passive_c120_mp3,202,2,2,2,0,415,944,393,33,242,152,0,5.491135358810425,0
grid_5x5_nodiag,light,medium,passive_c120_mp3,303,0,2,2,0,448,1058,404,0,283,147,0,5.370252370834351,0
grid_5x5_nodiag,medium,medium,baseline,303,3,4,4,0,563,1285,551,64,392,147,0,4.108179807662964,0
grid_5x5_nodiag,medium,medium,baseline,404,3,4,4,0,479,1076,472,33,304,151,0,4.108339309692383,0
grid_5x5_nodiag,medium,medium,passive,42,6,6,2,4,611,1424,548,128,417,165,0,4.074185132980347,0
grid_5x5_nodiag,medium,medium,baseline,202,3,4,3,1,443,1002,420,33,266,153,0,5.590237379074097,0
grid_5x5_nodiag,medium,medium,passive,202,3,4,0,4,430,994,385,76,244,163,0,4.002450704574585,0
grid_5x5_nodiag,medium,medium,passive,101,5,6,2,4,606,1406,559,119,414,165,0,5.461850166320801,0
grid_5x5_nodiag,medium,medium,passive,404,4,4,2,2,489,1120,459,74,309,156,0,4.0139243602752686,0
grid_5x5_nodiag,medium,medium,passive_mp2,42,5,6,2,4,587,1373,513,100,391,165,0,4.230191469192505,0
grid_5x5_nodiag,medium,medium,passive_mp2,101,5,6,2,4,591,1364,536,100,395,165,0,4.150986671447754,0
grid_5x5_nodiag,medium,medium,passive,303,2,4,0,4,470,1126,395,51,287,161,0,5.1750147342681885,0
grid_5x5_nodiag,medium,medium,passive_mp2,202,3,4,0,4,434,999,384,76,244,163,0,4.515728235244751,0
grid_5x5_nodiag,medium,medium,passive_mp2,404,3,4,1,3,468,1091,415,68,262,179,0,4.0218400955200195,0
grid_5x5_nodiag,medium,medium,passive_mp3,42,6,6,2,4,593,1380,517,101,392,165,0,4.154668569564819,0
grid_5x5_nodiag,medium,medium,passive_mp2,303,2,4,0,4,470,1108,403,47,283,161,0,4.543792009353638,0
grid_5x5_nodiag,medium,medium,passive_mp3,303,2,4,0,4,475,1117,402,48,284,161,0,4.036019563674927,0
grid_5x5_nodiag,medium,medium,passive_mp3,101,6,6,2,4,615,1405,570,119,414,165,0,4.6001105308532715,0
grid_5x5_nodiag,medium,medium,passive_mp3,202,3,4,0,4,439,998,392,77,245,163,0,4.825826406478882,0
grid_5x5_nodiag,medium,medium,passive_mp4,42,6,6,2,4,626,1448,546,131,412,173,0,4.129120826721191,0
grid_5x5_nodiag,medium,medium,passive_mp3,404,3,4,2,2,465,1065,426,49,282,156,0,5.099850654602051,0
grid_5x5_nodiag,medium,medium,passive_mp4,202,3,4,0,4,442,1018,373,76,244,163,0,4.247702121734619,0
grid_5x5_nodiag,medium,medium,passive_mp4,303,2,4,0,4,481,1136,393,50,286,161,0,4.085168838500977,0
grid_5x5_nodiag,medium,medium,passive_mp4,101,5,6,2,4,621,1437,541,127,407,174,0,4.759570837020874,0
grid_5x5_nodiag,medium,medium,passive_mp4,404,4,4,2,2,469,1063,436,47,283,156,0,4.202096939086914,0
grid_5x5_nodiag,medium,medium,passive_c120,42,5,6,4,2,614,1444,546,90,415,170,0,4.152827501296997,0
grid_5x5_nodiag,medium,medium,passive_c120,202,3,4,3,1,443,1002,420,33,266,153,0,4.0012102127075195,0
grid_5x5_nodiag,medium,medium,passive_c120,303,3,4,4,0,563,1285,551,64,392,147,0,4.09398341178894,0
grid_5x5_nodiag,medium,medium,passive_c120,404,3,4,4,0,479,1076,472,33,304,151,0,4.0738444328308105,0
grid_5x5_nodiag,medium,medium,passive_c120_mp2,42,5,6,4,2,614,1441,547,89,414,170,0,4.077477693557739,0
grid_5x5_nodiag,medium,medium,passive_c120,101,4,6,6,0,592,1362,560,36,415,150,0,5.3789427280426025,0
grid_5x5_nodiag,medium,medium,passive_c120_mp2,202,3,4,3,1,444,1003,420,33,266,153,0,4.345226287841797,0
grid_5x5_nodiag,medium,medium,passive_c120_mp2,101,4,6,6,0,592,1362,560,36,415,150,0,4.943837404251099,0
grid_5x5_nodiag,medium,medium,passive_c120_mp2,303,3,4,4,0,563,1285,551,64,392,147,0,4.355465650558472,0
grid_5x5_nodiag,medium,medium,passive_c120_mp2,404,3,4,4,0,479,1076,472,33,304,151,0,4.212780952453613,0
grid_5x5_nodiag,medium,medium,passive_c120_mp3,42,5,6,4,2,616,1448,544,90,415,170,0,4.2698681354522705,0
grid_5x5_nodiag,medium,medium,passive_c120_mp3,101,4,6,6,0,592,1362,560,36,415,150,0,4.812589168548584,0
grid_5x5_nodiag,medium,medium,passive_c120_mp3,202,4,4,3,1,456,1036,420,39,267,162,0,4.688314914703369,0
grid_5x5_nodiag,medium,medium,passive_c120_mp3,404,3,4,4,0,479,1076,472,33,304,151,0,4.28007960319519,0
grid_5x5_nodiag,heavy,medium,baseline,42,10,12,8,4,803,1820,766,183,580,182,0,4.181772947311401,0
grid_5x5_nodiag,medium,medium,passive_c120_mp3,303,3,4,4,0,563,1285,551,64,392,147,0,5.01967191696167,0
grid_5x5_nodiag,heavy,medium,baseline,101,12,12,4,8,770,1817,638,204,479,248,0,4.157236099243164,0
grid_5x5_nodiag,heavy,medium,baseline,202,7,8,3,5,552,1253,503,130,336,183,0,4.08034873008728,0
grid_5x5_nodiag,heavy,medium,baseline,404,7,8,5,3,640,1466,594,123,422,186,0,4.211308002471924,0
grid_5x5_nodiag,heavy,medium,baseline,303,4,8,7,1,605,1383,578,47,424,152,0,4.985278367996216,0
grid_5x5_nodiag,heavy,medium,passive,101,11,12,3,9,800,1815,760,258,566,194,0,4.152513027191162,0
grid_5x5_nodiag,heavy,medium,passive,42,8,12,4,8,701,1609,640,151,486,179,0,4.882991552352905,0
grid_5x5_nodiag,heavy,medium,passive,202,3,12,4,8,557,1283,499,74,347,179,0,3.9656732082366943,0
grid_5x5_nodiag,heavy,medium,passive,404,6,8,4,4,619,1395,604,146,422,166,0,3.9867360591888428,0
grid_5x5_nodiag,heavy,medium,passive,303,3,8,0,8,507,1213,417,74,309,171,0,4.092303276062012,0
grid_5x5_nodiag,heavy,medium,passive_mp2,101,10,12,4,8,782,1795,703,217,551,185,0,4.171247243881226,0
grid_5x5_nodiag,heavy,medium,passive_mp2,202,6,8,0,8,531,1199,479,147,312,181,0,4.006860971450806,0
grid_5x5_nodiag,heavy,medium,passive_mp2,404,7,8,2,6,570,1301,511,124,356,176,0,4.056210994720459,0
grid_5x5_nodiag,heavy,medium,passive_mp2,42,9,12,4,8,761,1729,700,201,537,179,0,4.891319513320923,0
grid_5x5_nodiag,heavy,medium,passive_mp3,101,10,12,4,8,797,1824,709,224,558,185,0,4.12065315246582,0
grid_5x5_nodiag,heavy,medium,passive_mp3,42,9,12,2,10,748,1721,644,191,471,223,0,4.339754819869995,0
grid_5x5_nodiag,heavy,medium,passive_mp3,202,6,8,0,8,542,1223,471,150,315,181,0,4.570170164108276,0
grid_5x5_nodiag,heavy,medium,passive_mp2,303,3,8,0,8,515,1216,424,73,309,171,0,6.186344623565674,0
grid_5x5_nodiag,heavy,medium,passive_mp3,303,4,8,0,8,537,1247,441,99,318,175,0,4.959360122680664,0
grid_5x5_nodiag,heavy,medium,passive_mp4,42,9,12,4,8,700,1569,623,149,455,184,0,4.12387228012085,0
grid_5x5_nodiag,heavy,medium,passive_mp3,404,6,8,3,5,595,1387,510,127,384,172,0,4.75825047492981,0
grid_5x5_nodiag,heavy,medium,passive_mp4,101,10,12,3,9,813,1868,691,245,538,212,0,4.080797910690308,0
grid_5x5_nodiag,heavy,medium,passive_mp4,202,6,8,0,8,547,1206,486,146,311,182,0,3.9823410511016846,0
grid_5x5_nodiag,heavy,medium,passive_mp4,303,4,8,0,8,546,1245,455,100,319,175,0,4.10951042175293,0
grid_5x5_nodiag,heavy,medium,passive_mp4,404,6,8,3,5,590,1353,512,118,357,190,0,4.037578344345093,0
grid_5x5_nodiag,heavy,medium,passive_c120,202,7,8,6,2,602,1318,608,126,405,163,0,4.096781253814697,0
grid_5x5_nodiag,heavy,medium,passive_c120,303,4,8,7,1,605,1383,578,47,424,152,0,4.1149280071258545,0
grid_5x5_nodiag,heavy,medium,passive_c120,404,7,8,5,3,640,1466,594,123,422,186,0,4.575430393218994,0
grid_5x5_nodiag,heavy,medium,passive_c120,42,10,12,9,3,812,1835,781,178,579,191,0,5.398033618927002,0
grid_5x5_nodiag,heavy,medium,passive_c120,101,12,12,8,4,842,1954,754,206,573,224,0,5.190904855728149,0
grid_5x5_nodiag,heavy,medium,passive_c120_mp2,202,7,8,6,2,602,1324,599,122,407,159,0,4.120962381362915,0
grid_5x5_nodiag,heavy,medium,passive_c120_mp2,303,4,8,7,1,606,1384,578,47,424,152,0,4.115922451019287,0
grid_5x5_nodiag,heavy,medium,passive_c120_mp2,404,7,8,6,2,624,1413,591,102,424,165,0,4.10312819480896,0
grid_5x5_nodiag,heavy,medium,passive_c120_mp3,101,10,12,8,4,794,1801,732,167,539,207,0,4.018537521362305,0
grid_5x5_nodiag,heavy,medium,passive_c120_mp3,42,10,12,9,3,815,1849,759,181,599,168,0,4.563856363296509,0
grid_5x5_nodiag,heavy,medium,passive_c120_mp3,202,7,8,6,2,628,1378,627,152,425,164,0,4.12108039855957,0
grid_5x5_nodiag,heavy,medium,passive_c120_mp2,42,11,12,9,3,798,1797,759,161,575,178,0,5.197391748428345,0
grid_5x5_nodiag,heavy,medium,passive_c120_mp3,303,4,8,7,1,607,1385,578,47,424,152,0,4.020801544189453,0
grid_5x5_nodiag,heavy,medium,passive_c120_mp2,101,12,12,7,5,878,2001,816,260,621,208,0,5.6608147621154785,0
tree_d3f2,light,medium,baseline,42,2,2,2,0,396,744,171,34,268,86,0,3.471391439437866,0
tree_d3f2,light,medium,baseline,101,2,2,2,0,417,778,185,34,288,87,0,3.398629665374756,0
grid_5x5_nodiag,heavy,medium,passive_c120_mp3,404,7,8,6,2,624,1409,591,99,422,165,0,4.50644850730896,0
tree_d3f2,light,medium,baseline,303,2,2,2,0,378,720,152,38,243,93,0,3.720430850982666,0
tree_d3f2,light,medium,baseline,202,2,2,2,0,370,687,166,25,242,87,0,3.7859742641448975,0
tree_d3f2,light,medium,passive,101,2,2,0,2,393,737,172,32,258,95,0,3.398074150085449,0
tree_d3f2,light,medium,passive,42,2,2,0,2,372,718,143,32,238,94,0,3.770235776901245,0
tree_d3f2,light,medium,passive,303,2,2,0,2,340,650,133,22,203,97,0,3.295670509338379,0
tree_d3f2,light,medium,passive,404,1,2,0,2,328,620,136,16,195,94,0,3.3800718784332275,0
tree_d3f2,light,medium,passive_mp2,42,2,2,0,2,374,720,143,32,238,94,0,3.3830995559692383,0
tree_d3f2,light,medium,baseline,404,1,2,2,0,351,649,160,17,225,86,0,4.003979206085205,0
tree_d3f2,light,medium,passive_mp2,101,2,2,0,2,395,738,173,32,258,95,0,3.34549880027771,0
tree_d3f2,light,medium,passive_mp2,202,2,2,0,2,357,675,147,32,220,95,0,3.6110663414001465,0
tree_d3f2,light,medium,passive_mp2,303,2,2,0,2,342,648,137,22,203,97,0,3.5716638565063477,0
tree_d3f2,light,medium,passive,202,2,2,0,2,355,671,149,32,220,95,0,5.0796003341674805,0
tree_d3f2,light,medium,passive_mp3,42,2,2,0,2,376,723,142,32,238,94,0,3.4063382148742676,0
tree_d3f2,light,medium,passive_mp2,404,1,2,0,2,330,622,136,16,195,94,0,4.07280707359314,0
tree_d3f2,light,medium,passive_mp3,101,2,2,0,2,397,742,171,32,258,95,0,3.635359287261963,0
tree_d3f2,light,medium,passive_mp3,202,2,2,0,2,359,675,149,32,220,95,0,4.1887876987457275,0
tree_d3f2,light,medium,passive_mp3,303,2,2,0,2,354,674,137,32,213,97,0,3.3893473148345947,0
tree_d3f2,light,medium,passive_mp3,404,1,2,0,2,332,623,137,16,195,94,0,3.376840829849243,0
tree_d3f2,light,medium,passive_mp4,42,2,2,0,2,378,725,142,32,238,94,0,3.3542656898498535,0
tree_d3f2,light,medium,passive_mp4,202,2,2,0,2,361,678,148,32,220,95,0,3.3062891960144043,0
tree_d3f2,light,medium,passive_mp4,101,2,2,0,2,399,746,169,32,258,95,0,3.3946731090545654,0
tree_d3f2,light,medium,passive_mp4,404,1,2,0,2,334,626,136,16,195,94,0,3.639009475708008,0
tree_d3f2,light,medium,passive_mp4,303,2,2,0,2,356,678,135,32,213,97,0,4.281232595443726,0
tree_d3f2,light,medium,passive_c120,42,2,2,2,0,396,744,171,34,268,86,0,3.4312989711761475,0
tree_d3f2,light,medium,passive_c120,101,2,2,2,0,417,778,185,34,288,87,0,3.3800582885742188,0
tree_d3f2,light,medium,passive_c120,202,2,2,2,0,370,687,166,25,242,87,0,3.861638307571411,0
tree_d3f2,light,medium,passive_c120_mp2,42,2,2,2,0,396,744,171,34,268,86,0,3.3507707118988037,0
tree_d3f2,light,medium,passive_c120,303,2,2,2,0,378,720,152,38,243,93,0,3.8972744941711426,0
tree_d3f2,light,medium,passive_c120,404,1,2,2,0,351,649,160,17,225,86,0,4.143007278442383,0
tree_d3f2,light,medium,passive_c120_mp2,101,2,2,2,0,417,778,185,34,288,87,0,3.5417871475219727,0
tree_d3f2,light,medium,passive_c120_mp2,202,2,2,2,0,370,687,166,25,242,87,0,3.7201743125915527,0
tree_d3f2,light,medium,passive_c120_mp3,42,2,2,2,0,396,744,171,34,268,86,0,3.4310190677642822,0
tree_d3f2,light,medium,passive_c120_mp2,303,2,2,2,0,378,720,152,38,243,93,0,3.5525906085968018,0
tree_d3f2,light,medium,passive_c120_mp3,101,2,2,2,0,417,778,185,34,288,87,0,3.4981443881988525,0
tree_d3f2,light,medium,passive_c120_mp2,404,1,2,2,0,351,649,160,17,225,86,0,3.7171294689178467,0
tree_d3f2,light,medium,passive_c120_mp3,303,2,2,2,0,378,720,152,38,243,93,0,3.38786244392395,0
tree_d3f2,light,medium,passive_c120_mp3,404,1,2,2,0,351,649,160,17,225,86,0,3.3492085933685303,0
tree_d3f2,light,medium,passive_c120_mp3,202,2,2,2,0,370,687,166,25,242,87,0,3.6145572662353516,0
tree_d3f2,medium,medium,baseline,42,5,5,5,0,480,899,211,70,344,86,0,4.126237630844116,0
tree_d3f2,medium,medium,baseline,101,4,4,4,0,484,900,222,69,341,95,0,3.436645984649658,0
tree_d3f2,medium,medium,baseline,202,5,5,5,0,466,860,218,76,325,91,0,3.412818193435669,0
tree_d3f2,medium,medium,baseline,303,3,3,3,0,411,776,173,55,273,93,0,3.478715181350708,0
tree_d3f2,medium,medium,baseline,404,2,4,4,0,389,718,180,38,255,90,0,3.4502451419830322,0
tree_d3f2,medium,medium,passive,101,4,4,0,4,432,818,184,61,285,103,0,3.693962812423706,0
tree_d3f2,medium,medium,passive,303,3,3,0,3,368,707,143,45,225,101,0,3.5756218433380127,0
tree_d3f2,medium,medium,passive,202,3,5,0,5,370,702,152,36,223,103,0,3.62235689163208,0
tree_d3f2,medium,medium,passive_mp2,42,5,5,0,5,419,802,162,59,262,106,0,3.4387149810791016,0
tree_d3f2,medium,medium,passive,42,5,5,0,5,414,799,160,59,262,106,0,4.351008892059326,0
tree_d3f2,medium,medium,passive_mp2,202,4,5,0,5,393,746,156,52,238,105,0,3.321669816970825,0
tree_d3f2,medium,medium,passive_mp2,101,4,4,0,4,436,821,185,61,285,103,0,3.411961793899536,0
tree_d3f2,medium,medium,passive,404,2,4,0,4,350,660,147,32,210,98,0,4.630126953125,0
tree_d3f2,medium,medium,passive_mp2,404,2,4,0,4,354,661,150,32,210,98,0,3.317033529281616,0
tree_d3f2,medium,medium,passive_mp3,42,5,5,0,5,431,826,160,66,269,106,0,3.4282033443450928,0
tree_d3f2,medium,medium,passive_mp2,303,3,3,0,3,371,708,145,45,225,101,0,4.290427923202515,0
tree_d3f2,medium,medium,passive_mp3,202,4,5,0,5,398,749,158,52,238,105,0,3.41434645652771,0
tree_d3f2,medium,medium,passive_mp3,101,4,4,0,4,436,821,179,57,281,103,0,4.018481254577637,0
tree_d3f2,medium,medium,passive_mp3,303,3,3,0,3,374,709,147,45,225,101,0,3.3274409770965576,0
tree_d3f2,medium,medium,passive_mp3,404,3,4,0,4,375,703,154,45,222,102,0,3.414315700531006,0
tree_d3f2,medium,medium,passive_mp4,202,4,5,0,5,415,774,168,64,250,105,0,3.4015567302703857,0
tree_d3f2,medium,medium,passive_mp4,101,4,4,0,4,440,828,176,57,281,103,0,3.5582821369171143,0
tree_d3f2,medium,medium,passive_mp4,303,3,3,0,3,380,722,144,48,228,101,0,3.6931653022766113,0
tree_d3f2,medium,medium,passive_mp4,42,5,5,0,5,436,831,160,66,269,106,0,4.055535793304443,0
tree_d3f2,medium,medium,passive_mp4,404,3,4,0,4,382,716,152,48,225,102,0,3.3434746265411377,0
tree_d3f2,medium,medium,passive_c120,101,4,4,4,0,484,900,222,69,341,95,0,3.419072389602661,0
tree_d3f2,medium,medium,passive_c120,42,5,5,5,0,480,899,211,70,344,86,0,3.835845708847046,0
tree_d3f2,medium,medium,passive_c120,202,5,5,5,0,466,860,218,76,325,91,0,3.329716444015503,0
tree_d3f2,medium,medium,passive_c120,404,2,4,4,0,389,718,180,38,255,90,0,3.376260995864868,0
tree_d3f2,medium,medium,passive_c120,303,3,3,3,0,411,776,173,55,273,93,0,3.401177167892456,0
tree_d3f2,medium,medium,passive_c120_mp2,202,5,5,5,0,466,860,218,76,325,91,0,3.6608409881591797,0
tree_d3f2,medium,medium,passive_c120_mp2,101,4,4,4,0,484,900,222,69,341,95,0,3.9350051879882812,0
tree_d3f2,medium,medium,passive_c120_mp2,42,5,5,5,0,480,899,211,70,344,86,0,4.22345232963562,0
tree_d3f2,medium,medium,passive_c120_mp2,303,3,3,3,0,411,776,173,55,273,93,0,3.491246223449707,0
tree_d3f2,medium,medium,passive_c120_mp2,404,2,4,4,0,389,718,180,38,255,90,0,3.4345383644104004,0
tree_d3f2,medium,medium,passive_c120_mp3,202,5,5,5,0,466,860,218,76,325,91,0,3.335763692855835,0
tree_d3f2,medium,medium,passive_c120_mp3,303,3,3,3,0,411,776,173,55,273,93,0,3.332705497741699,0
tree_d3f2,medium,medium,passive_c120_mp3,42,5,5,5,0,480,899,211,70,344,86,0,4.000929832458496,0
tree_d3f2,medium,medium,passive_c120_mp3,101,4,4,4,0,484,900,222,69,341,95,0,3.945084810256958,0
tree_d3f2,medium,medium,passive_c120_mp3,404,2,4,4,0,389,718,180,38,255,90,0,3.3988940715789795,0
tree_d3f2,heavy,medium,baseline,42,10,10,9,1,620,1159,281,150,459,98,0,3.4091458320617676,0
tree_d3f2,heavy,medium,baseline,101,7,7,6,1,536,1002,237,110,386,95,0,3.320169687271118,0
tree_d3f2,heavy,medium,baseline,202,7,8,6,2,518,965,236,125,359,103,0,3.9264800548553467,0
tree_d3f2,heavy,medium,baseline,303,5,6,5,1,459,876,186,81,303,105,0,4.233286380767822,0
tree_d3f2,heavy,medium,passive,42,10,10,0,10,515,997,201,136,333,126,0,3.370854377746582,0
tree_d3f2,heavy,medium,passive,202,8,9,0,9,474,911,192,113,300,121,0,3.314197540283203,0
tree_d3f2,heavy,medium,passive,303,5,6,0,6,414,799,159,80,258,109,0,3.410686731338501,0
tree_d3f2,heavy,medium,baseline,404,3,7,6,1,431,793,203,50,293,90,0,4.188997030258179,0
tree_d3f2,heavy,medium,passive,404,4,7,0,7,397,760,159,64,240,110,0,3.332820415496826,0
tree_d3f2,heavy,medium,passive_mp2,42,10,10,0,10,532,1027,198,143,340,126,0,3.343810558319092,0
tree_d3f2,heavy,medium,passive,101,6,7,0,7,462,878,194,85,299,114,0,4.289137125015259,0
tree_d3f2,heavy,medium,passive_mp2,101,6,7,0,7,469,886,193,85,299,114,0,3.411269187927246,0
tree_d3f2,heavy,medium,passive_mp2,303,5,6,0,6,420,799,165,80,258,109,0,3.418588161468506,0
tree_d3f2,heavy,medium,passive_mp2,202,8,10,0,10,476,895,196,116,290,122,0,3.8014707565307617,0
tree_d3f2,heavy,medium,passive_mp2,404,4,7,0,7,404,760,166,64,240,110,0,3.878349781036377,0
tree_d3f2,heavy,medium,passive_mp3,42,10,10,0,10,549,1047,204,150,347,126,0,4.404313564300537,0
tree_d3f2,heavy,medium,passive_mp3,101,6,7,0,7,476,889,197,85,299,114,0,3.7224230766296387,0
tree_d3f2,heavy,medium,passive_mp3,303,5,6,0,6,426,805,165,80,258,109,0,3.3740792274475098,0
tree_d3f2,heavy,medium,passive_mp3,404,5,7,0,7,431,807,175,80,255,114,0,3.5117907524108887,0
tree_d3f2,heavy,medium,passive_mp3,202,8,10,0,10,489,915,191,116,293,122,0,4.400878429412842,0
tree_d3f2,heavy,medium,passive_mp4,42,10,10,0,10,559,1056,205,150,347,126,0,3.696955442428589,0
tree_d3f2,heavy,medium,passive_mp4,202,8,10,0,10,493,904,198,113,287,122,0,3.3259856700897217,0
tree_d3f2,heavy,medium,passive_mp4,404,5,7,0,7,431,812,160,73,248,114,0,3.3122267723083496,0
tree_d3f2,heavy,medium,passive_mp4,101,6,7,0,7,483,896,197,85,299,114,0,3.883310556411743,0
tree_d3f2,heavy,medium,passive_c120,42,10,10,9,1,620,1159,281,150,459,98,0,3.4172399044036865,0
tree_d3f2,heavy,medium,passive_mp4,303,6,6,0,6,426,800,160,70,247,113,0,3.754852771759033,0
tree_d3f2,heavy,medium,passive_c120,101,7,7,6,1,536,1002,237,110,386,95,0,3.4199297428131104,0
tree_d3f2,heavy,medium,passive_c120,303,5,6,5,1,459,876,186,81,303,105,0,3.415935754776001,0
tree_d3f2,heavy,medium,passive_c120,202,7,8,6,2,518,965,236,125,359,103,0,3.7647955417633057,0
tree_d3f2,heavy,medium,passive_c120,404,3,7,6,1,431,793,203,50,293,90,0,3.855595350265503,0
star_8,light,medium,baseline,101,3,3,3,0,88,417,0,12,38,9,0,1.3081529140472412,0
tree_d3f2,heavy,medium,passive_c120_mp2,42,10,10,9,1,621,1162,279,150,459,98,0,3.76737904548645,0
tree_d3f2,heavy,medium,passive_c120_mp2,101,7,7,6,1,540,1009,238,113,389,95,0,3.339663505554199,0
star_8,light,medium,baseline,42,3,3,3,0,88,417,0,12,38,9,0,1.9996318817138672,0
star_8,light,medium,baseline,202,3,3,3,0,87,407,0,12,37,9,0,1.4087245464324951,0
tree_d3f2,heavy,medium,passive_c120_mp2,303,5,6,5,1,460,877,186,81,303,105,0,3.321632146835327,0
tree_d3f2,heavy,medium,passive_c120_mp2,202,7,8,6,2,520,965,238,125,359,103,0,3.493396759033203,0
tree_d3f2,heavy,medium,passive_c120_mp2,404,3,7,6,1,432,794,203,50,293,90,0,3.392500638961792,0
tree_d3f2,heavy,medium,passive_c120_mp3,101,7,7,6,1,541,1010,238,113,389,95,0,3.339815378189087,0
tree_d3f2,heavy,medium,passive_c120_mp3,42,10,10,9,1,622,1160,282,150,459,98,0,3.5249533653259277,0
tree_d3f2,heavy,medium,passive_c120_mp3,303,5,6,5,1,461,878,186,81,303,105,0,3.3766117095947266,0
star_8,light,medium,baseline,303,3,3,3,0,88,417,0,12,38,9,0,1.431056022644043,0
star_8,light,medium,passive,42,3,3,0,3,82,390,0,6,35,9,0,1.2921757698059082,0
star_8,light,medium,baseline,404,3,3,3,0,87,409,0,12,38,8,0,1.3150901794433594,0
star_8,light,medium,passive,101,3,3,0,3,82,390,0,6,35,9,0,1.5632619857788086,0
tree_d3f2,heavy,medium,passive_c120_mp3,202,7,8,6,2,522,967,238,125,359,103,0,3.7868173122406006,0
tree_d3f2,heavy,medium,passive_c120_mp3,404,3,7,6,1,433,795,203,50,293,90,0,3.872878074645996,0
star_8,light,medium,passive,303,3,3,0,3,82,390,0,6,35,9,0,1.584442138671875,0
star_8,light,medium,passive,202,3,3,0,3,81,380,0,6,34,9,0,1.7031276226043701,0
star_8,light,medium,passive_mp2,42,3,3,0,3,85,393,0,6,35,9,0,1.3483529090881348,0
star_8,light,medium,passive,404,3,3,0,3,81,382,0,6,35,8,0,1.5592834949493408,0
star_8,light,medium,passive_mp2,202,3,3,0,3,84,383,0,6,34,9,0,1.3096599578857422,0
star_8,light,medium,passive_mp2,101,3,3,0,3,85,393,0,6,35,9,0,1.4489269256591797,0
star_8,light,medium,passive_mp2,303,3,3,0,3,84,383,2,5,34,9,0,1.3385202884674072,0
star_8,light,medium,passive_mp2,404,3,3,0,3,84,385,0,6,35,8,0,1.3647363185882568,0
star_8,light,medium,passive_mp3,202,3,3,0,3,87,386,0,6,34,9,0,1.3468608856201172,0
star_8,light,medium,passive_mp3,42,3,3,0,3,88,396,0,6,35,9,0,1.4496102333068848,0
star_8,light,medium,passive_mp3,101,3,3,0,3,88,396,0,6,35,9,0,1.5336475372314453,0
star_8,light,medium,passive_mp3,303,3,3,0,3,87,386,2,5,34,9,0,1.34657883644104,0
star_8,light,medium,passive_mp4,42,3,3,0,3,90,388,3,5,34,9,0,1.3493311405181885,0
star_8,light,medium,passive_mp4,101,3,3,0,3,91,399,0,6,35,9,0,1.360196590423584,0
star_8,light,medium,passive_mp4,404,3,3,0,3,90,391,0,6,35,8,0,1.3270139694213867,0
star_8,light,medium,passive_mp3,404,3,3,0,3,87,388,0,6,35,8,0,1.8993189334869385,0
star_8,light,medium,passive_c120,42,3,3,3,0,88,417,0,12,38,9,0,1.320173740386963,0
star_8,light,medium,passive_c120,202,3,3,3,0,87,407,0,12,37,9,0,1.3093154430389404,0
star_8,light,medium,passive_c120,101,3,3,3,0,88,417,0,12,38,9,0,1.442789077758789,0
star_8,light,medium,passive_mp4,202,3,3,0,3,90,389,0,6,34,9,0,1.7922065258026123,0
star_8,light,medium,passive_mp4,303,3,3,0,3,90,389,2,5,34,9,0,1.9750850200653076,0
star_8,light,medium,passive_c120,303,3,3,3,0,88,417,0,12,38,9,0,1.391495943069458,0
star_8,light,medium,passive_c120,404,3,3,3,0,87,409,0,12,38,8,0,1.4680185317993164,0
star_8,light,medium,passive_c120_mp2,101,3,3,3,0,88,417,0,12,38,9,0,1.3245024681091309,0
star_8,light,medium,passive_c120_mp2,42,3,3,3,0,88,417,0,12,38,9,0,1.5065979957580566,0
star_8,light,medium,passive_c120_mp2,202,3,3,3,0,87,407,0,12,37,9,0,1.3571975231170654,0
star_8,light,medium,passive_c120_mp2,404,3,3,3,0,87,409,0,12,38,8,0,1.3341491222381592,0
star_8,light,medium,passive_c120_mp3,101,3,3,3,0,88,417,0,12,38,9,0,1.3229892253875732,0
star_8,light,medium,passive_c120_mp3,42,3,3,3,0,88,417,0,12,38,9,0,1.36130952835083,0
star_8,light,medium,passive_c120_mp3,202,3,3,3,0,87,407,0,12,37,9,0,1.372955083847046,0
star_8,light,medium,passive_c120_mp2,303,3,3,3,0,88,417,0,12,38,9,0,1.8953125476837158,0
star_8,light,medium,passive_c120_mp3,404,3,3,3,0,87,409,0,12,38,8,0,1.3926007747650146,0
star_8,light,medium,passive_c120_mp3,303,3,3,3,0,88,417,0,12,38,9,0,1.4542639255523682,0
star_8,medium,medium,baseline,101,6,6,6,0,106,498,0,24,44,12,0,1.3863866329193115,0
star_8,medium,medium,baseline,202,6,6,6,0,105,488,0,24,43,12,0,1.4345767498016357,0
star_8,medium,medium,baseline,303,6,6,6,0,106,498,0,24,44,12,0,1.2949938774108887,0
star_8,medium,medium,baseline,42,6,6,6,0,106,498,0,24,44,12,0,1.8413562774658203,0
star_8,medium,medium,passive,101,6,6,0,6,94,444,0,12,38,12,0,1.3253209590911865,0
star_8,medium,medium,passive,42,5,6,0,6,91,427,0,10,37,11,0,1.4038164615631104,0
star_8,medium,medium,baseline,404,6,6,6,0,105,490,0,24,44,11,0,1.57267427444458,0
star_8,medium,medium,passive,202,6,6,0,6,93,434,0,12,37,12,0,1.2862889766693115,0
star_8,medium,medium,passive_mp2,42,5,6,0,6,97,433,0,10,37,11,0,1.2992022037506104,0
star_8,medium,medium,passive,303,6,6,0,6,94,444,0,12,38,12,0,1.3886470794677734,0
star_8,medium,medium,passive,404,6,6,0,6,93,436,0,12,38,11,0,1.4946975708007812,0
star_8,medium,medium,passive_mp2,202,6,6,0,6,99,438,0,12,37,12,0,1.275994062423706,0
star_8,medium,medium,passive_mp2,101,6,6,0,6,100,450,0,12,38,12,0,1.3956327438354492,0
star_8,medium,medium,passive_mp2,303,6,6,0,6,99,440,2,11,37,12,0,1.6231348514556885,0
star_8,medium,medium,passive_mp2,404,6,6,0,6,99,442,0,12,38,11,0,1.414149522781372,0
star_8,medium,medium,passive_mp3,42,5,6,0,6,103,439,0,10,37,11,0,1.352419137954712,0
star_8,medium,medium,passive_mp3,303,6,6,0,6,104,435,5,10,36,12,0,1.3270854949951172,0
star_8,medium,medium,passive_mp4,42,5,6,0,6,108,434,3,9,36,11,0,1.3011195659637451,0
star_8,medium,medium,passive_mp3,202,6,6,0,6,105,446,0,12,37,12,0,1.561842679977417,0
star_8,medium,medium,passive_mp4,101,6,6,0,6,112,462,0,12,38,12,0,1.3166377544403076,0
star_8,medium,medium,passive_mp3,404,6,6,0,6,105,448,0,12,38,11,0,1.6137666702270508,0
star_8,medium,medium,passive_mp3,101,6,6,0,6,106,456,0,12,38,12,0,1.8930132389068604,0
star_8,medium,medium,passive_mp4,202,6,6,0,6,110,442,2,11,36,12,0,1.379152774810791,0
star_8,medium,medium,passive_mp4,404,6,6,0,6,111,454,0,12,38,11,0,1.3277406692504883,0
star_8,medium,medium,passive_c120,42,6,6,6,0,106,498,0,24,44,12,0,1.3134300708770752,0
star_8,medium,medium,passive_c120,101,6,6,6,0,106,498,0,24,44,12,0,1.3213019371032715,0
star_8,medium,medium,passive_mp4,303,6,6,0,6,110,442,4,10,36,12,0,1.629812240600586,0
star_8,medium,medium,passive_c120,202,6,6,6,0,105,488,0,24,43,12,0,1.2871458530426025,0
star_8,medium,medium,passive_c120,404,6,6,6,0,105,490,0,24,44,11,0,1.323882818222046,0
star_8,medium,medium,passive_c120,303,6,6,6,0,106,498,0,24,44,12,0,1.3913002014160156,0
star_8,medium,medium,passive_c120_mp2,42,6,6,6,0,106,498,0,24,44,12,0,1.3231019973754883,0
star_8,medium,medium,passive_c120_mp2,101,6,6,6,0,106,498,0,24,44,12,0,1.29787278175354,0
star_8,medium,medium,passive_c120_mp2,202,6,6,6,0,105,488,0,24,43,12,0,1.320115327835083,0
star_8,medium,medium,passive_c120_mp2,303,6,6,6,0,106,498,0,24,44,12,0,1.439483642578125,0
star_8,medium,medium,passive_c120_mp3,42,6,6,6,0,106,498,0,24,44,12,0,1.403869867324829,0
star_8,medium,medium,passive_c120_mp3,101,6,6,6,0,106,498,0,24,44,12,0,1.388091802597046,0
star_8,medium,medium,passive_c120_mp3,202,6,6,6,0,105,488,0,24,43,12,0,1.3530066013336182,0
star_8,medium,medium,passive_c120_mp2,404,6,6,6,0,105,490,0,24,44,11,0,1.8560197353363037,0
star_8,medium,medium,passive_c120_mp3,303,6,6,6,0,106,498,0,24,44,12,0,1.5241670608520508,0
star_8,medium,medium,passive_c120_mp3,404,6,6,6,0,105,490,0,24,44,11,0,1.522209882736206,0
star_8,heavy,medium,baseline,202,11,12,8,4,127,578,2,36,44,21,0,1.3135223388671875,0
star_8,heavy,medium,baseline,101,11,12,8,4,128,588,2,36,45,21,0,1.4567630290985107,0
star_8,heavy,medium,baseline,303,11,12,8,4,128,588,2,36,45,21,0,1.367009162902832,0
star_8,heavy,medium,baseline,42,11,12,8,4,128,588,2,36,45,21,0,1.7710659503936768,0
star_8,heavy,medium,baseline,404,11,12,8,4,127,580,2,36,45,20,0,1.3469974994659424,0
star_8,heavy,medium,passive,42,10,12,0,12,111,508,2,20,41,16,0,1.4636194705963135,0
star_8,heavy,medium,passive,101,11,12,0,12,114,525,2,22,42,17,0,1.468440055847168,0
star_8,heavy,medium,passive,303,11,12,0,12,114,525,2,22,42,17,0,1.480149269104004,0
star_8,heavy,medium,passive_mp2,42,10,12,0,12,123,519,3,20,41,16,0,1.3354878425598145,0
star_8,heavy,medium,passive,202,11,12,0,12,113,515,2,22,41,17,0,1.741973876953125,0
star_8,heavy,medium,passive,404,11,12,0,12,113,517,2,22,42,16,0,1.4949536323547363,0
star_8,heavy,medium,passive_mp2,202,11,12,0,12,125,524,3,22,41,17,0,1.358290672302246,0
star_8,heavy,medium,passive_mp2,101,11,12,0,12,126,536,3,22,42,17,0,1.6436858177185059,0
star_8,heavy,medium,passive_mp3,101,11,12,0,12,138,545,4,22,42,17,0,1.307981014251709,0
star_8,heavy,medium,passive_mp3,42,11,12,0,12,135,520,7,20,39,17,0,1.3625497817993164,0
star_8,heavy,medium,passive_mp2,303,11,12,0,12,126,536,3,22,42,17,0,1.6205151081085205,0
star_8,heavy,medium,passive_mp3,202,11,12,0,12,137,537,4,22,41,17,0,1.3326120376586914,0
star_8,heavy,medium,passive_mp2,404,11,12,0,12,125,528,3,22,42,16,0,1.654287338256836,0
star_8,heavy,medium,passive_mp3,404,11,12,0,12,137,539,4,22,42,16,0,1.318242073059082,0
star_8,heavy,medium,passive_mp3,303,11,12,0,12,138,547,4,22,42,17,0,1.7429046630859375,0
star_8,heavy,medium,passive_mp4,42,11,12,0,12,148,539,6,21,40,17,0,1.5638880729675293,0
star_8,heavy,medium,passive_mp4,101,12,12,0,12,150,546,8,22,40,18,0,1.2992405891418457,0
star_8,heavy,medium,passive_mp4,202,12,12,0,12,150,548,6,23,40,18,0,1.3185031414031982,0
star_8,heavy,medium,passive_mp4,404,12,12,0,12,149,538,8,22,40,17,0,1.3160395622253418,0
star_8,heavy,medium,passive_c120,42,11,12,8,4,128,588,2,36,45,21,0,1.3163886070251465,0
star_8,heavy,medium,passive_c120,101,11,12,8,4,128,588,2,36,45,21,0,1.3434836864471436,0
star_8,heavy,medium,passive_mp4,303,12,12,0,12,148,526,12,20,38,18,0,1.702953577041626,0
star_8,heavy,medium,passive_c120,404,11,12,8,4,127,580,2,36,45,20,0,1.327761173248291,0
star_8,heavy,medium,passive_c120_mp2,42,11,12,8,4,132,592,2,36,45,21,0,1.3597981929779053,0
star_8,heavy,medium,passive_c120_mp2,101,11,12,8,4,132,592,2,36,45,21,0,1.2931299209594727,0
star_8,heavy,medium,passive_c120_mp2,202,11,12,8,4,130,572,4,35,44,20,0,1.2854654788970947,0
star_8,heavy,medium,passive_c120,303,11,12,8,4,128,588,2,36,45,21,0,1.6466469764709473,0
star_8,heavy,medium,passive_c120,202,11,12,8,4,127,578,2,36,44,21,0,1.6876411437988281,0
star_8,heavy,medium,passive_c120_mp2,404,11,12,8,4,131,584,2,36,45,20,0,1.290614366531372,0
star_8,heavy,medium,passive_c120_mp3,42,11,12,8,4,136,596,2,36,45,21,0,1.2973384857177734,0
star_8,heavy,medium,passive_c120_mp3,101,11,12,8,4,136,596,2,36,45,21,0,1.3074679374694824,0
star_8,heavy,medium,passive_c120_mp2,303,11,12,8,4,132,592,2,36,45,21,0,1.618084192276001,0
star_8,heavy,medium,passive_c120_mp3,202,11,12,8,4,134,576,4,35,44,20,0,1.4115045070648193,0
star_8,heavy,medium,passive_c120_mp3,303,11,12,8,4,136,596,2,36,45,21,0,1.3221240043640137,0
star_8,heavy,medium,passive_c120_mp3,404,11,12,8,4,134,577,5,35,45,19,0,1.2942743301391602,0
