region,traffic,feature,seed,delivered,sent,radio_tx,radio_rx,collisions,ackpath_tx,events_drift,events_shadow,events_fade,n_mutable_links,wall_s,rc
gdansk,realistic,baseline,909,30,84,7403,14115,3928,531,39,22,10,24,44.0162627696991,0
gdansk,realistic,baseline,404,26,84,7800,15115,3995,736,44,23,4,24,44.802958250045776,0
gdansk,realistic,baseline,808,19,84,7090,13872,3452,794,43,18,10,24,45.14892649650574,0
gdansk,realistic,baseline,42,29,84,8022,15461,4152,912,44,23,4,24,45.25372362136841,0
gdansk,realistic,baseline,1212,31,84,8158,15733,4253,910,43,18,10,24,45.42122006416321,0
gdansk,realistic,baseline,202,27,84,8152,15696,4231,1003,43,18,10,24,45.47956681251526,0
gdansk,realistic,baseline,707,27,84,8196,15698,4331,675,43,18,10,24,45.520838260650635,0
gdansk,realistic,baseline,101,27,84,7505,14578,3746,973,43,18,10,24,45.74300146102905,0
gdansk,realistic,baseline,1010,31,84,8117,15694,4158,670,43,18,10,24,45.85591721534729,0
gdansk,realistic,baseline,303,26,84,7980,15293,4207,608,43,18,10,24,45.89250659942627,0
gdansk,realistic,baseline,606,28,84,8377,16013,4484,878,43,18,10,24,46.00689721107483,0
gdansk,realistic,baseline,1111,32,84,7554,14711,3786,935,43,18,10,24,46.10028338432312,0
gdansk,realistic,baseline,1313,24,84,7924,15254,4160,930,43,18,10,24,46.13907480239868,0
gdansk,realistic,baseline,505,29,84,7475,14544,3664,687,43,18,10,24,46.33047604560852,0
gdansk,realistic,baseline,1515,28,84,8143,15596,4266,663,41,27,3,24,43.54038763046265,0
gdansk,realistic,baseline,1414,32,84,8280,15938,4391,1016,45,21,5,24,45.64952754974365,0
gdansk,realistic,baseline,1717,30,84,7645,14751,3893,972,48,16,7,24,45.54346561431885,0
gdansk,realistic,baseline,1818,24,84,7795,15081,4048,833,48,16,7,24,45.60169959068298,0
gdansk,realistic,baseline,1919,27,84,7678,14929,3825,805,48,16,7,24,45.568333864212036,0
gdansk,realistic,passive_c120,42,31,84,8440,16263,4322,913,48,16,7,24,45.744908571243286,0
gdansk,realistic,passive_c120,101,30,84,8345,16005,4455,740,42,23,6,24,45.715359687805176,0
gdansk,realistic,passive_c120,404,29,84,8405,16264,4303,854,48,16,7,24,45.50961709022522,0
gdansk,realistic,baseline,1616,23,84,7913,15347,3995,811,48,16,7,24,46.44684648513794,0
gdansk,realistic,passive_c120,202,28,84,8039,15406,4235,711,42,23,6,24,45.800490856170654,0
gdansk,realistic,passive_c120,303,23,84,7728,14785,4025,390,42,23,6,24,45.89195013046265,0
gdansk,realistic,passive_c120,606,26,84,7969,15347,4137,1023,42,23,6,24,45.80321979522705,0
gdansk,realistic,passive_c120,505,28,84,8233,15899,4222,683,42,23,6,24,46.235424518585205,0
gdansk,realistic,passive_c120,707,25,84,8178,15744,4221,666,42,23,6,24,46.062262773513794,0
gdansk,realistic,passive_c120,909,31,84,8264,15807,4388,889,44,21,6,24,43.9961199760437,0
gdansk,realistic,passive_c120,808,27,84,7899,15137,4146,1013,44,21,6,24,45.98917627334595,0
gdansk,realistic,passive_c120,1515,29,84,7864,15069,4058,549,43,21,7,24,44.40148663520813,0
gdansk,realistic,passive_c120,1212,27,84,8091,15564,4151,903,43,23,5,24,45.388394355773926,0
gdansk,realistic,passive_c120,1010,32,84,8369,16061,4453,1017,43,23,5,24,46.03576421737671,0
gdansk,realistic,passive_c120,1111,26,84,8501,16345,4476,1057,43,23,5,24,45.95425319671631,0
gdansk,realistic,passive_c120,1414,27,84,8015,15650,4005,1420,43,23,5,24,45.632697343826294,0
gdansk,realistic,passive_c120,1313,29,84,8149,15643,4277,805,42,19,10,24,46.045751333236694,0
gdansk,realistic,passive_c120_probes,42,25,84,7896,15392,3919,830,42,19,10,24,44.98686933517456,0
gdansk,realistic,passive_c120,1616,33,84,7934,15505,3857,941,43,23,5,24,45.74229860305786,0
gdansk,realistic,passive_c120,1717,25,84,7690,14982,3805,989,42,19,10,24,46.12337255477905,0
gdansk,realistic,passive_c120,1818,25,84,7996,15464,4063,798,42,19,10,24,46.24782991409302,0
gdansk,realistic,passive_c120,1919,24,84,7952,15369,4104,587,42,19,10,24,46.127625942230225,0
gdansk,realistic,passive_c120_probes,101,26,84,8307,15918,4446,835,42,19,10,24,46.13574481010437,0
gdansk,realistic,passive_c120_probes,202,28,84,7739,15016,3915,1080,38,26,7,24,45.81441330909729,0
gdansk,realistic,passive_c120_probes,303,27,84,8243,15882,4292,971,38,26,7,24,45.94268989562988,0
gdansk,realistic,passive_c120_probes,404,27,84,8456,16297,4401,1027,42,26,3,24,45.20599889755249,0
gdansk,realistic,passive_c120_probes,909,24,84,7578,14641,3824,909,45,19,7,24,43.95991086959839,0
gdansk,realistic,passive_c120_probes,1515,24,84,7858,15264,3935,813,45,19,7,24,43.828784465789795,0
gdansk,realistic,passive_c120_probes,505,31,84,8583,16517,4455,893,45,19,7,24,46.028486490249634,0
gdansk,realistic,passive_c120_probes,1111,29,84,8094,15565,4189,848,39,27,5,24,45.77807307243347,0
gdansk,realistic,passive_c120_probes,808,34,84,7807,15279,3876,831,39,27,5,24,46.08511281013489,0
gdansk,realistic,passive_c120_probes,1010,27,84,8331,16067,4290,777,39,27,5,24,46.04575181007385,0
gdansk,realistic,passive_c120_probes,707,26,84,8260,15893,4382,935,39,27,5,24,46.58163499832153,0
gdansk,realistic,passive_c120_probes,1313,26,84,8075,15490,4282,787,37,25,9,24,45.64565634727478,0
gdansk,realistic,passive_c120_probes,1212,28,84,8026,15446,4127,806,37,25,9,24,46.074100494384766,0
gdansk,realistic,passive_c120_probes,1414,35,84,7989,15611,3970,1183,37,25,9,24,46.344685554504395,0
gdansk,realistic,passive_c120_probes,606,31,84,7892,15289,3962,886,37,25,9,24,49.31666660308838,0
gdansk,realistic,passive_c120_probes,1616,27,84,7848,15130,3995,620,44,21,6,24,45.60001826286316,0
gdansk,realistic,passive_c120_probes,1919,30,84,8243,15704,4410,859,45,18,8,24,45.746153593063354,0
gdansk,realistic,passive_c120_probes,1818,30,84,8489,16130,4634,852,45,18,8,24,46.04492664337158,0
gdansk,realistic,passive_c120_probes,1717,32,84,8355,16165,4234,837,39,21,11,24,47.137702226638794,0
gdansk,realistic,passive_c40,101,23,84,7108,13793,3555,677,41,20,10,24,45.49248385429382,0
gdansk,realistic,passive_c40,42,28,84,8098,15658,4184,1020,41,20,10,24,45.61741638183594,0
gdansk,realistic,passive_c40,404,24,84,7980,15435,4062,846,47,19,5,24,45.3122980594635,0
gdansk,realistic,passive_c40,202,19,84,7351,14322,3673,773,47,19,5,24,45.93541860580444,0
gdansk,realistic,passive_c40,303,30,84,7814,15062,3997,939,47,19,5,24,46.02630066871643,0
gdansk,realistic,passive_c40,505,22,84,6831,13323,3226,550,47,19,5,24,45.74702596664429,0
gdansk,realistic,passive_c40,707,23,84,7399,14305,3789,713,42,20,9,24,45.86133527755737,0
gdansk,realistic,passive_c40,606,19,84,7531,14542,3785,508,42,20,9,24,46.20800042152405,0
gdansk,realistic,passive_c40,808,20,84,7253,14007,3647,547,42,20,9,24,45.62901782989502,0
gdansk,realistic,passive_c40,909,24,84,7462,14435,3805,616,42,20,9,24,43.99163484573364,0
gdansk,realistic,passive_c40,1010,26,84,7807,15105,3935,1002,46,15,10,24,45.37353730201721,0
gdansk,realistic,passive_c40,1515,22,84,7731,14925,3909,803,48,18,5,24,43.700042486190796,0
gdansk,realistic,passive_c40,1111,23,84,7738,14895,3968,484,42,21,8,24,45.95100021362305,0
gdansk,realistic,passive_c40,1212,22,84,7358,14407,3576,791,42,21,8,24,45.81928277015686,0
gdansk,realistic,passive_c40,1313,17,84,7168,13916,3567,731,42,21,8,24,45.9494423866272,0
gdansk,realistic,passive_c40,1414,24,84,6726,13179,3205,545,39,23,9,24,45.640591621398926,0
gdansk,realistic,passive_c40,1616,21,84,7578,14688,3760,629,47,17,7,24,45.58183574676514,0
gdansk,realistic,passive_c40,1919,20,84,7184,13935,3560,632,47,17,7,24,45.78491282463074,0
gdansk,realistic,passive_c40,1717,28,84,7720,14970,3912,817,47,17,7,24,46.0451397895813,0
gdansk,realistic,passive_c40,1818,27,84,7382,14382,3635,1218,47,17,7,24,46.30422902107239,0
gdansk,realistic,passive_c40_probes,42,30,84,8046,15665,4047,820,47,17,7,24,46.008387327194214,0
gdansk,realistic,passive_c40_probes,303,23,84,8065,15477,4233,787,46,23,2,24,45.61411905288696,0
gdansk,realistic,passive_c40_probes,202,24,84,7238,14055,3647,775,46,23,2,24,46.06625509262085,0
gdansk,realistic,passive_c40_probes,101,19,84,7719,14997,3854,759,46,23,2,24,46.36249375343323,0
gdansk,realistic,passive_c40_probes,404,24,84,8097,15570,4208,866,41,21,9,24,45.053218603134155,0
gdansk,realistic,passive_c40_probes,505,22,84,7467,14408,3766,560,48,20,3,24,45.61644411087036,0
gdansk,realistic,passive_c40_probes,909,27,84,7802,15141,4010,854,48,20,3,24,44.260266065597534,0
gdansk,realistic,passive_c40_probes,606,23,84,7060,13793,3415,699,45,17,9,24,45.51097249984741,0
gdansk,realistic,passive_c40_probes,707,21,84,7623,14850,3780,932,45,17,9,24,45.90127348899841,0
gdansk,realistic,passive_c40_probes,808,18,84,6870,13361,3288,675,45,17,9,24,45.92600631713867,0
gdansk,realistic,passive_c40_probes,1010,24,84,8067,15459,4261,344,42,18,11,24,45.549177408218384,0
gdansk,realistic,passive_c40_probes,1515,22,84,7360,14440,3525,908,42,18,11,24,44.20421743392944,0
gdansk,realistic,passive_c40_probes,1212,23,84,7446,14389,3714,522,36,30,5,24,45.653297901153564,0
gdansk,realistic,passive_c40_probes,1111,31,84,7933,15464,3945,773,36,30,5,24,46.58197855949402,0
gdansk,realistic,passive_c40_probes,1616,27,84,7390,14443,3576,791,41,20,10,24,45.64352226257324,0
gdansk,realistic,passive_c40_probes,1313,20,84,7687,14752,3988,500,41,20,10,24,46.6273295879364,0
gdansk,realistic,passive_c40_probes,1717,25,84,7378,14254,3688,812,41,20,10,24,46.33787441253662,0
gdansk,realistic,passive_c40_probes,1414,25,84,7259,14055,3573,768,41,20,10,24,47.341333866119385,0
gdansk,realistic,passive_c40_probes,1818,23,84,7494,14490,3758,589,38,27,6,24,45.87516140937805,0
gdansk,realistic,passive_c120_ttl_short,42,32,84,8749,16695,4666,922,40,23,8,24,45.36994981765747,0
gdansk,realistic,passive_c40_probes,1919,26,84,7923,15198,4162,686,40,23,8,24,46.15745782852173,0
gdansk,realistic,passive_c120_ttl_short,101,25,84,7789,14968,4054,772,41,18,12,24,45.52153944969177,0
gdansk,realistic,passive_c120_ttl_short,202,25,84,7944,15208,4239,833,37,29,5,24,45.933759689331055,0
gdansk,realistic,passive_c120_ttl_short,404,27,84,8282,15896,4333,738,37,29,5,24,45.15604019165039,0
gdansk,realistic,passive_c120_ttl_short,303,29,84,8645,16484,4694,894,37,29,5,24,46.50837802886963,0
gdansk,realistic,passive_c120_ttl_short,505,26,84,8108,15782,4079,1048,45,18,8,24,46.24081206321716,0
gdansk,realistic,passive_c120_ttl_short,606,29,84,8061,15517,4167,951,47,18,6,24,45.60015654563904,0
gdansk,realistic,passive_c120_ttl_short,909,27,84,8026,15429,4175,832,45,18,8,24,44.585853099823,0
gdansk,realistic,passive_c120_ttl_short,808,28,84,8390,16151,4369,887,46,19,6,24,45.65665602684021,0
gdansk,realistic,passive_c120_ttl_short,707,28,84,8006,15407,4127,1099,46,19,6,24,46.093780279159546,0
gdansk,realistic,passive_c120_ttl_short,1010,28,84,8251,15967,4182,947,46,19,6,24,45.5211718082428,0
gdansk,realistic,passive_c120_ttl_short,1111,36,84,8336,16044,4342,1192,42,22,7,24,46.24156069755554,0
gdansk,realistic,passive_c120_ttl_short,1212,22,84,7811,15120,3896,780,39,26,6,24,45.987629413604736,0
gdansk,realistic,passive_c120_ttl_short,1515,30,84,7690,14888,3840,731,45,24,2,24,43.77234935760498,0
gdansk,realistic,passive_c120_ttl_short,1313,34,84,8048,15561,4154,1116,41,22,8,24,45.717116832733154,0
gdansk,realistic,passive_c120_ttl_short,1414,32,84,8404,16386,4232,1210,44,25,2,24,46.12939977645874,0
gdansk,realistic,passive_c120_ttl_short,1616,28,84,8221,15864,4254,976,52,15,4,24,46.285799741744995,0
gdansk,realistic,passive_c120_ttl_short,1717,28,84,7966,15334,4093,566,52,15,4,24,46.34741806983948,0
gdansk,realistic,passive_c120_ttl_long,42,22,84,7841,15185,4050,838,49,12,10,24,45.15070366859436,0
gdansk,realistic,passive_c120_ttl_short,1818,26,84,7777,14943,4059,934,49,12,10,24,46.09744048118591,0
gdansk,realistic,passive_c120_ttl_short,1919,34,84,8653,16582,4613,957,49,12,10,24,45.95236301422119,0
gdansk,realistic,passive_c120_ttl_long,101,30,84,8249,15881,4238,1007,49,12,10,24,45.91039061546326,0
gdansk,realistic,passive_c120_ttl_long,202,32,84,7977,15223,4313,718,39,23,9,24,45.8346586227417,0
gdansk,realistic,passive_c120_ttl_long,404,22,84,8588,16510,4509,995,43,21,7,24,45.1951630115509,0
gdansk,realistic,passive_c120_ttl_long,303,30,84,7784,14999,3924,870,43,21,7,24,46.06995344161987,0
gdansk,realistic,passive_c120_ttl_long,505,31,84,8090,15570,4173,944,43,18,10,24,46.2750027179718,0
gdansk,realistic,passive_c120_ttl_long,606,24,84,7835,15316,3892,1056,46,15,10,24,45.93163228034973,0
gdansk,realistic,passive_c120_ttl_long,909,24,84,7847,15105,4063,885,40,21,10,24,44.30254817008972,0
gdansk,realistic,passive_c120_ttl_long,707,26,84,8449,16273,4412,1071,40,21,10,24,46.183117151260376,0
gdansk,realistic,passive_c120_ttl_long,808,31,84,7754,15039,3888,1020,39,24,8,24,45.697099685668945,0
gdansk,realistic,passive_c120_ttl_long,1515,34,84,8183,15794,4185,1074,34,29,8,24,43.64590764045715,0
gdansk,realistic,passive_c120_ttl_long,1010,30,84,8301,15991,4310,835,49,17,5,24,45.91394114494324,0
gdansk,realistic,passive_c120_ttl_long,1313,22,84,8674,16705,4518,878,45,19,7,24,45.728790044784546,0
gdansk,realistic,passive_c120_ttl_long,1414,23,84,8634,16627,4502,1004,45,19,7,24,45.56003260612488,0
gdansk,realistic,passive_c120_ttl_long,1212,22,84,7576,14506,3990,681,45,19,7,24,46.397138833999634,0
gdansk,realistic,passive_c120_ttl_long,1111,32,84,8335,15938,4446,770,45,19,7,24,46.682318925857544,0
gdansk,realistic,passive_c120_ttl_long,1717,26,84,7746,14965,3931,955,42,17,12,24,45.96955895423889,0
gdansk,realistic,passive_c120_ttl_long,1616,26,84,8111,15695,4143,746,42,17,12,24,46.41972327232361,0
gdansk,realistic,passive_c120_ttl_long,1818,31,84,8512,16221,4624,939,38,25,8,24,45.85594844818115,0
gdansk,realistic,passive_c120_ttl_long,1919,31,84,8386,16093,4440,1391,42,20,9,24,46.04209804534912,0
seapdx,realistic,baseline,101,29,84,53576,121221,49098,3633,37,27,7,24,625.425107717514,0
seapdx,realistic,baseline,42,36,84,56133,127044,51451,6150,37,27,7,24,626.7968647480011,0
seapdx,realistic,baseline,404,41,84,57321,128748,53400,4408,46,21,4,24,625.5640726089478,0
seapdx,realistic,baseline,303,28,84,50854,115963,45384,6142,44,19,8,24,627.4180433750153,0
seapdx,realistic,baseline,1010,32,84,51351,116827,46394,3748,44,19,8,24,623.1801204681396,0
seapdx,realistic,baseline,202,26,84,50809,116706,44841,6180,37,27,7,24,628.5008189678192,0
seapdx,realistic,baseline,1212,37,84,52366,119338,47214,4306,37,27,7,24,623.0850419998169,0
seapdx,realistic,baseline,707,26,84,51554,118129,45756,6811,40,22,9,24,626.1728730201721,0
seapdx,realistic,baseline,606,26,84,53754,122981,47937,6697,41,20,10,24,628.1962323188782,0
seapdx,realistic,baseline,505,35,84,54523,123612,49519,5018,41,20,10,24,628.9548478126526,0
seapdx,realistic,baseline,1313,28,84,48411,111264,42620,4950,43,20,8,24,624.6083674430847,0
seapdx,realistic,baseline,909,31,84,51990,117327,48349,4772,47,18,6,24,630.0158710479736,0
seapdx,realistic,baseline,808,37,84,56243,127237,51385,3167,47,18,6,24,630.6844918727875,0
seapdx,realistic,baseline,1111,32,84,54372,124040,49005,4922,39,24,8,24,630.2496249675751,0
seapdx,realistic,baseline,1717,28,84,53571,121209,49055,4352,35,26,10,24,622.712119102478,0
seapdx,realistic,baseline,1414,30,84,54123,122396,49805,3652,43,21,7,24,627.0039224624634,0
seapdx,realistic,baseline,1515,35,84,53825,122684,48510,4982,43,21,7,24,626.2786121368408,0
seapdx,realistic,baseline,1919,33,84,52359,119300,47416,4925,43,19,9,24,625.8428506851196,0
seapdx,realistic,baseline,1616,35,84,59460,133608,55947,6104,42,23,6,24,627.8465044498444,0
seapdx,realistic,passive_c120,303,30,84,54637,123539,50241,6046,40,21,10,24,625.7607080936432,0
seapdx,realistic,passive_c120,101,31,84,56442,127166,52638,7379,42,23,6,24,627.9600174427032,0
seapdx,realistic,passive_c120,202,36,84,53798,122515,48445,4345,41,20,10,24,626.1258015632629,0
seapdx,realistic,baseline,1818,28,84,54987,123963,50869,6184,41,20,10,24,630.7917723655701,0
seapdx,realistic,passive_c120,505,30,84,55464,126068,50328,4270,40,21,10,24,625.3191237449646,0
seapdx,realistic,passive_c120,42,32,84,56120,126761,51551,5522,40,21,10,24,630.7337517738342,0
seapdx,realistic,passive_c120,404,35,84,56549,126990,52741,2990,47,20,4,24,627.5042238235474,0
seapdx,realistic,passive_c120,606,37,84,54743,123967,50047,3707,45,18,8,24,628.3637988567352,0
seapdx,realistic,passive_c120,707,31,84,55872,126553,51377,3607,43,20,8,24,628.5212936401367,0
seapdx,realistic,passive_c120,808,34,84,52676,120578,46730,4954,43,19,9,24,624.8554360866547,0
seapdx,realistic,passive_c120,1010,30,84,54386,123830,48980,6140,40,23,8,24,625.2823729515076,0
seapdx,realistic,passive_c120,1111,31,84,53731,122768,48015,5456,34,24,13,24,624.9102668762207,0
seapdx,realistic,passive_c120,1515,32,84,50496,115279,45441,6757,39,24,8,24,623.7278578281403,0
seapdx,realistic,passive_c120,909,38,84,58393,131626,54193,5522,39,24,8,24,631.1376819610596,0
seapdx,realistic,passive_c120,1414,35,84,53030,120641,47902,4357,43,24,4,24,626.0547215938568,0
seapdx,realistic,passive_c120,1212,30,84,52794,119809,48154,4873,40,23,8,24,628.321435213089,0
seapdx,realistic,passive_c120,1313,33,84,55358,125672,50574,6664,40,23,8,24,626.3651854991913,0
seapdx,realistic,passive_c120,1818,37,84,55687,127013,50032,6783,40,23,8,24,624.8229043483734,0
seapdx,realistic,passive_c120,1616,31,84,57314,130091,52357,4970,40,23,8,24,625.512934923172,0
seapdx,realistic,passive_c120,1717,30,84,55172,124932,50835,5522,43,24,4,24,625.6267099380493,0
seapdx,realistic,passive_c120,1919,32,84,54918,124793,49931,3773,43,24,4,24,626.7482166290283,0
seapdx,realistic,passive_c120_probes,101,38,84,57962,131443,52916,5582,43,20,8,24,626.5152928829193,0
seapdx,realistic,passive_c120_probes,42,27,84,50792,116270,45194,6132,42,20,9,24,629.7769031524658,0
seapdx,realistic,passive_c120_probes,303,33,84,52670,119659,47567,6739,40,23,8,24,623.7650380134583,0
seapdx,realistic,passive_c120_probes,1010,33,84,52546,119761,47327,4936,41,24,6,24,624.2512547969818,0
seapdx,realistic,passive_c120_probes,1111,34,84,55817,126945,50296,4320,41,24,6,24,623.8753883838654,0
seapdx,realistic,passive_c120_probes,404,35,84,55121,125716,49371,3141,41,24,6,24,629.6786952018738,0
seapdx,realistic,passive_c120_probes,707,34,84,62464,139626,59488,3672,34,30,7,24,625.4354124069214,0
seapdx,realistic,passive_c120_probes,1313,34,84,52632,119570,47591,2500,47,20,4,24,623.736575126648,0
seapdx,realistic,passive_c120_probes,606,34,84,55345,125882,50296,4313,47,20,4,24,626.8390550613403,0
seapdx,realistic,passive_c120_probes,505,37,84,55568,126165,50497,5600,47,16,8,24,629.9492795467377,0
seapdx,realistic,passive_c120_probes,1212,31,84,55589,126071,50721,4935,47,20,4,24,627.0693755149841,0
seapdx,realistic,passive_c120_probes,808,33,84,57338,129630,52849,5568,41,22,8,24,629.2172131538391,0
seapdx,realistic,passive_c120_probes,909,29,84,50807,115826,45542,3669,44,22,5,24,631.4062700271606,0
seapdx,realistic,passive_c120_probes,1414,34,84,54307,123333,49322,4317,41,21,9,24,625.9103920459747,0
seapdx,realistic,passive_c120_probes,1515,31,84,52619,120032,47270,5503,49,18,4,24,629.1447887420654,0
seapdx,realistic,passive_c120_probes,202,28,84,53081,120591,48243,3642,45,19,7,24,657.0778460502625,0
seapdx,realistic,passive_c120_probes,1616,39,84,57384,130116,52531,6774,36,27,8,24,628.8515458106995,0
seapdx,realistic,passive_c120_probes,1919,31,84,53218,121376,47841,6775,45,15,11,24,624.5801584720612,0
seapdx,realistic,passive_c40,101,24,84,45292,104660,38942,3134,41,24,6,24,623.6247549057007,0
seapdx,realistic,passive_c40,42,21,84,46623,107795,40155,4323,45,15,11,24,624.6793010234833,0
seapdx,realistic,passive_c120_probes,1818,29,84,52530,120064,46906,6798,41,25,5,24,626.3821222782135,0
seapdx,realistic,passive_c40,202,28,84,48707,111779,43101,3026,42,20,9,24,625.7047724723816,0
seapdx,realistic,passive_c40,303,27,84,48704,111704,43218,4868,43,20,8,24,627.3212385177612,0
seapdx,realistic,passive_c40,505,33,84,54932,124712,49918,2491,49,19,3,24,626.1716592311859,0
seapdx,realistic,passive_c40,404,25,84,50798,115395,45943,3608,49,19,3,24,628.1034631729126,0
seapdx,realistic,passive_c120_probes,1717,33,84,55666,126033,50916,4308,41,23,7,24,632.7683277130127,0
seapdx,realistic,passive_c40,707,27,84,50752,116149,45110,4370,42,21,8,24,627.034346818924,0
seapdx,realistic,passive_c40,606,22,84,48358,111556,41966,4948,47,22,2,24,630.0164921283722,0
seapdx,realistic,passive_c40,808,22,84,49725,114307,43535,5553,44,21,6,24,629.6013848781586,0
seapdx,realistic,passive_c40,909,29,84,51276,117297,45720,6163,41,21,9,24,627.4816451072693,0
seapdx,realistic,passive_c40,1010,23,84,48246,110693,42550,5481,44,21,6,24,622.1095361709595,0
seapdx,realistic,passive_c40,1313,23,84,47566,109617,41682,4316,40,19,12,24,625.8155472278595,0
seapdx,realistic,passive_c40,1616,28,84,49501,113373,43893,3062,40,19,12,24,621.0217566490173,0
seapdx,realistic,passive_c40,1717,20,84,45287,104447,39180,2398,40,24,7,24,623.5253808498383,0
seapdx,realistic,passive_c40,1515,23,84,44812,103462,38701,3738,40,24,7,24,626.9493753910065,0
seapdx,realistic,passive_c40,1111,26,84,50557,116029,44746,3087,40,24,7,24,630.6380128860474,0
seapdx,realistic,passive_c40,1414,24,84,45449,105034,39096,3134,40,24,7,24,629.1697106361389,0
seapdx,realistic,passive_c40,1212,24,84,49504,113487,43924,4329,38,27,6,24,630.5810565948486,0
seapdx,realistic,passive_c40,1919,30,84,50884,116321,45219,5509,48,17,6,24,625.0232636928558,0
seapdx,realistic,passive_c40,1818,26,84,50142,114979,44457,6203,42,22,7,24,628.2828323841095,0
seapdx,realistic,passive_c40_probes,101,21,84,47748,110061,41513,3690,50,13,8,24,626.4076435565948,0
seapdx,realistic,passive_c40_probes,42,23,84,47239,109446,40508,3768,35,23,13,24,630.3657774925232,0
seapdx,realistic,passive_c40_probes,202,23,84,47791,110097,41771,6113,43,23,5,24,624.0432963371277,0
seapdx,realistic,passive_c40_probes,303,25,84,51157,116496,45986,3087,44,20,7,24,632.4224486351013,0
seapdx,realistic,passive_c40_probes,404,26,84,49611,113967,43483,4919,47,18,6,24,623.4919743537903,0
seapdx,realistic,passive_c40_probes,505,26,84,51529,118455,45204,3655,41,21,9,24,625.628208398819,0
seapdx,realistic,passive_c40_probes,909,23,84,45454,105554,38746,4935,37,28,6,24,624.3412275314331,0
seapdx,realistic,passive_c40_probes,1111,24,84,48392,111540,42106,3735,34,25,12,24,626.9690072536469,0
seapdx,realistic,passive_c40_probes,1010,24,84,46106,106873,39299,3735,46,19,6,24,627.4514436721802,0
seapdx,realistic,passive_c40_probes,606,23,84,49760,114196,43653,3721,46,19,6,24,631.9054872989655,0
seapdx,realistic,passive_c40_probes,707,22,84,48963,112702,42815,4295,46,19,6,24,629.3440415859222,0
seapdx,realistic,passive_c40_probes,1212,24,84,51802,118363,46458,2481,41,22,8,24,626.7872395515442,0
seapdx,realistic,passive_c40_probes,808,22,84,47670,109384,41924,3718,41,22,8,24,632.542361497879,0
seapdx,realistic,passive_c40_probes,1414,26,84,49057,112429,43304,4922,45,20,6,24,624.5272138118744,0
seapdx,realistic,passive_c40_probes,1515,22,84,47691,109852,41552,5506,45,20,6,24,622.2377302646637,0
seapdx,realistic,passive_c40_probes,1313,25,84,47095,108540,41014,1825,34,25,12,24,631.7325222492218,0
seapdx,realistic,passive_c40_probes,1616,25,84,53129,121258,47790,5524,44,18,9,24,629.3274526596069,0
seapdx,realistic,passive_c40_probes,1717,26,84,48990,112643,42821,2450,45,18,8,24,623.511283159256,0
seapdx,realistic,passive_c40_probes,1818,30,84,51290,117251,45743,3060,43,16,12,24,625.546350479126,0
seapdx,realistic,passive_c40_probes,1919,29,84,52441,119816,47066,4853,40,25,6,24,628.1892368793488,0
seapdx,realistic,passive_c120_ttl_short,101,38,84,53604,121658,48668,3660,42,21,8,24,624.3731331825256,0
seapdx,realistic,passive_c120_ttl_short,202,35,84,56087,127829,50798,5520,38,26,7,24,624.9423656463623,0
seapdx,realistic,passive_c120_ttl_short,404,33,84,55681,126067,50820,6155,43,19,9,24,627.205150604248,0
seapdx,realistic,passive_c120_ttl_short,707,37,84,57920,130686,53577,5007,33,29,9,24,623.1601753234863,0
seapdx,realistic,passive_c120_ttl_short,42,37,84,57865,130423,53708,5521,33,29,9,24,631.6566438674927,0
seapdx,realistic,passive_c120_ttl_short,303,34,84,54263,122831,49583,3133,41,23,7,24,629.5434792041779,0
seapdx,realistic,passive_c120_ttl_short,606,35,84,54194,123169,49128,3725,47,18,6,24,628.7609419822693,0
seapdx,realistic,passive_c120_ttl_short,505,33,84,56334,128112,51129,6666,47,18,6,24,631.3026776313782,0
seapdx,realistic,passive_c120_ttl_short,909,32,84,55938,126941,51064,7288,48,16,7,24,625.0758352279663,0
seapdx,realistic,passive_c120_ttl_short,808,38,84,58287,131928,53860,6085,46,17,8,24,630.1425318717957,0
seapdx,realistic,passive_c120_ttl_short,1010,32,84,52709,120090,47319,4281,43,24,4,24,632.7765929698944,0
seapdx,realistic,passive_c120_ttl_short,1111,33,84,55598,126681,50128,3135,40,25,6,24,628.7672462463379,0
seapdx,realistic,passive_c120_ttl_short,1212,32,84,55422,125615,50732,3662,46,18,7,24,629.5585873126984,0
seapdx,realistic,passive_c120_ttl_short,1515,27,84,53660,121797,48819,5518,46,16,9,24,624.0548188686371,0
seapdx,realistic,passive_c120_ttl_short,1313,35,84,56716,128124,52346,7459,46,16,9,24,628.2205147743225,0
seapdx,realistic,passive_c120_ttl_short,1717,35,84,55877,125997,51810,3057,47,20,4,24,624.2674481868744,0
seapdx,realistic,passive_c120_ttl_short,1616,28,84,53783,122499,48487,3727,46,17,8,24,626.0894210338593,0
seapdx,realistic,passive_c120_ttl_short,1919,38,84,58379,131711,54136,4950,44,19,8,24,624.3272290229797,0
seapdx,realistic,passive_c120_ttl_short,1818,26,84,52023,119469,45941,6147,44,19,8,24,625.7794954776764,0
seapdx,realistic,passive_c120_ttl_short,1414,39,84,54661,123448,50540,2989,43,21,7,24,632.7333369255066,0
seapdx,realistic,passive_c120_ttl_long,42,37,84,57263,129196,52970,4341,43,22,6,24,624.9124853610992,0
seapdx,realistic,passive_c120_ttl_long,202,36,84,53831,122314,48647,4374,44,19,8,24,625.7557995319366,0
seapdx,realistic,passive_c120_ttl_long,101,31,84,55025,124498,50271,3069,44,19,8,24,628.0627334117889,0
seapdx,realistic,passive_c120_ttl_long,303,32,84,54230,122695,49796,7418,45,19,7,24,631.1871802806854,0
seapdx,realistic,passive_c120_ttl_long,404,37,84,58367,131455,54437,4305,41,23,7,24,624.8177001476288,0
seapdx,realistic,passive_c120_ttl_long,505,33,84,54537,123852,49982,5993,43,22,6,24,629.7291789054871,0
seapdx,realistic,passive_c120_ttl_long,606,34,84,54327,123840,48875,5515,43,20,8,24,623.9452698230743,0
seapdx,realistic,passive_c120_ttl_long,707,30,84,55676,126737,50289,5591,42,23,6,24,626.8590288162231,0
seapdx,realistic,passive_c120_ttl_long,909,35,84,55157,125216,50000,6724,42,23,6,24,624.1750762462616,0
seapdx,realistic,passive_c120_ttl_long,1111,32,84,56204,127372,51386,5518,45,20,6,24,622.7480804920197,0
seapdx,realistic,passive_c120_ttl_long,808,31,84,53678,122104,48673,6166,48,16,7,24,629.5550580024719,0
seapdx,realistic,passive_c120_ttl_long,1212,31,84,53681,121969,48556,6134,48,16,7,24,626.5031092166901,0
seapdx,realistic,passive_c120_ttl_long,1313,30,84,51346,117206,45964,4919,41,26,4,24,625.873354434967,0
seapdx,realistic,passive_c120_ttl_long,1515,36,84,54762,123676,50535,2552,45,19,7,24,626.8821713924408,0
seapdx,realistic,passive_c120_ttl_long,1414,30,84,50717,116263,44738,4355,45,19,7,24,629.6279153823853,0
seapdx,realistic,passive_c120_ttl_long,1616,34,84,55505,125953,50503,6759,30,28,13,24,627.714405298233,0
seapdx,realistic,passive_c120_ttl_long,1818,34,84,52330,119117,47257,4227,42,22,7,24,626.0634355545044,0
seapdx,realistic,passive_c120_ttl_long,1717,38,84,57034,128307,53346,5503,42,22,7,24,631.097897529602,0
seapdx,realistic,passive_c120_ttl_long,1010,34,84,55867,126744,50882,5055,46,16,9,24,655.1902294158936,0
seapdx,realistic,passive_c120_ttl_long,1919,37,84,51926,118546,46456,4259,39,23,9,24,626.853236913681,0
manh,realistic,baseline,42,32,84,14864,29126,7069,674,46,17,8,24,103.67586326599121,0
manh,realistic,baseline,101,30,84,16243,31955,7791,1907,43,21,7,24,101.92074060440063,0
manh,realistic,baseline,303,23,84,15724,30932,7198,890,42,19,10,24,102.1990978717804,0
manh,realistic,baseline,202,26,84,15187,29748,7127,958,39,25,7,24,103.65585350990295,0
manh,realistic,baseline,404,29,84,16071,31532,7674,1377,42,23,6,24,103.21590328216553,0
manh,realistic,baseline,505,25,84,14739,29065,6938,1369,39,17,15,24,104.35350894927979,0
manh,realistic,baseline,606,30,84,15862,31111,7702,1657,43,24,4,24,103.21333289146423,0
manh,realistic,baseline,707,27,84,14850,29040,7131,1189,38,18,15,24,102.9756829738617,0
manh,realistic,baseline,808,35,84,15946,31407,7610,1311,44,19,8,24,103.09722137451172,0
manh,realistic,baseline,909,34,84,14798,29187,7026,1740,38,20,13,24,102.90157341957092,0
manh,realistic,baseline,1010,27,84,15358,30290,7188,1906,43,20,8,24,103.04144620895386,0
manh,realistic,baseline,1111,29,84,16490,32231,7966,1843,43,20,8,24,103.21925187110901,0
manh,realistic,baseline,1212,27,84,14271,28219,6379,1307,37,24,10,24,104.21368026733398,0
manh,realistic,baseline,1313,24,84,14623,28824,6876,1027,38,28,5,24,103.91927170753479,0
manh,realistic,baseline,1414,30,84,15412,30388,7129,1112,48,18,5,24,103.15833497047424,0
manh,realistic,baseline,1515,30,84,16142,31637,7643,1316,44,17,10,24,102.52360773086548,0
manh,realistic,baseline,1616,33,84,15768,31092,7370,2052,45,23,3,24,103.23876285552979,0
manh,realistic,baseline,1717,28,84,15205,29885,7123,1071,48,19,4,24,102.5377585887909,0
manh,realistic,baseline,1818,29,84,15057,29551,7191,1218,40,27,4,24,103.48167562484741,0
manh,realistic,baseline,1919,29,84,15341,30318,7195,1736,42,26,3,24,102.44704985618591,0
manh,realistic,passive_c120,42,26,84,15718,31119,7411,2167,40,21,10,24,104.20336580276489,0
manh,realistic,passive_c120,101,30,84,15722,30937,7415,1669,43,22,6,24,102.58251166343689,0
manh,realistic,passive_c120,202,32,84,15952,31095,7728,1407,39,23,9,24,104.02768850326538,0
manh,realistic,passive_c120,303,26,84,14425,28602,6550,1254,45,21,5,24,102.92590594291687,0
manh,realistic,passive_c120,404,31,84,15415,30089,7380,878,36,27,8,24,102.94615888595581,0
manh,realistic,passive_c120,505,32,84,16127,31495,7920,1381,50,14,7,24,103.71498489379883,0
manh,realistic,passive_c120,606,30,84,14952,29616,6802,1972,39,21,11,24,103.84756970405579,0
manh,realistic,passive_c120,707,30,84,15547,30539,7451,1793,50,19,2,24,103.6808409690857,0
manh,realistic,passive_c120,808,30,84,15930,31350,7664,1937,38,28,5,24,102.3389241695404,0
manh,realistic,passive_c120,1010,28,84,15298,30046,7141,1855,47,21,3,24,102.4706609249115,0
manh,realistic,passive_c120,909,27,84,15643,30804,7415,2165,45,22,4,24,104.63244485855103,0
manh,realistic,passive_c120,1111,26,84,15297,30071,7160,1048,47,21,3,24,103.10945343971252,0
manh,realistic,passive_c120,1212,35,84,16223,31973,7667,1793,35,26,10,24,102.68148231506348,0
manh,realistic,passive_c120,1313,26,84,15180,29865,7168,1529,43,18,10,24,102.50389552116394,0
manh,realistic,passive_c120,1414,30,84,15863,31111,7620,1292,51,15,5,24,103.39680075645447,0
manh,realistic,passive_c120,1515,29,84,15883,31226,7495,1042,41,26,4,24,103.00127935409546,0
manh,realistic,passive_c120,1616,26,84,15018,29643,6791,1448,44,21,6,24,102.99322366714478,0
manh,realistic,passive_c120,1717,28,84,15528,30687,7237,1690,44,21,6,24,103.59179019927979,0
manh,realistic,passive_c120,1818,24,84,15284,29907,7335,1243,35,32,4,24,104.33250260353088,0
manh,realistic,passive_c120,1919,30,84,16197,31862,7836,1785,39,19,13,24,104.2626473903656,0
manh,realistic,passive_c120_probes,101,23,84,14889,29534,6728,1710,48,20,3,24,102.9191460609436,0
manh,realistic,passive_c120_probes,42,32,84,15798,31077,7525,1420,48,20,3,24,103.19213271141052,0
manh,realistic,passive_c120_probes,202,31,84,15674,30545,7631,1387,41,27,3,24,103.50469255447388,0
manh,realistic,passive_c120_probes,303,29,84,16323,32026,7995,1963,39,23,9,24,102.91575813293457,0
manh,realistic,passive_c120_probes,505,26,84,15979,31549,7498,2041,44,25,2,24,103.26364469528198,0
manh,realistic,passive_c120_probes,404,29,84,15645,30844,7312,1194,40,27,4,24,104.2062828540802,0
manh,realistic,passive_c120_probes,606,24,84,15243,30122,7047,2158,45,19,7,24,103.84091711044312,0
manh,realistic,passive_c120_probes,707,34,84,15766,30807,7540,1881,37,25,9,24,103.50554919242859,0
manh,realistic,passive_c120_probes,808,30,84,16065,31431,7663,968,45,21,5,24,103.22001671791077,0
manh,realistic,passive_c120_probes,909,29,84,14845,29156,7040,1558,35,29,7,24,103.31405425071716,0
manh,realistic,passive_c120_probes,1111,27,84,14810,29245,6775,1571,45,20,6,24,102.58024787902832,0
manh,realistic,passive_c120_probes,1010,31,84,15485,30419,7198,1589,41,20,10,24,103.54506349563599,0
manh,realistic,passive_c120_probes,1212,32,84,15631,30620,7486,1379,48,15,8,24,103.1619040966034,0
manh,realistic,passive_c120_probes,1313,29,84,16145,31738,7763,2353,46,20,5,24,102.48854517936707,0
manh,realistic,passive_c120_probes,1515,32,84,16496,32380,8023,1560,46,19,6,24,103.27364706993103,0
manh,realistic,passive_c120_probes,1414,28,84,16613,32794,7968,2006,42,17,12,24,107.02439212799072,0
manh,realistic,passive_c120_probes,1616,23,84,15843,31341,7459,1786,36,24,11,24,102.67444038391113,0
manh,realistic,passive_c120_probes,1717,30,84,15632,30900,7390,2060,44,20,7,24,102.01654171943665,0
manh,realistic,passive_c120_probes,1818,30,84,16238,31833,7898,2023,38,26,7,24,102.88484764099121,0
manh,realistic,passive_c120_probes,1919,32,84,16608,32546,8113,1690,38,26,7,24,104.14256000518799,0
manh,realistic,passive_c40,101,18,84,13882,27495,6185,865,53,13,5,24,102.43044185638428,0
manh,realistic,passive_c40,42,23,84,14555,28616,6799,1145,53,13,5,24,103.39539933204651,0
manh,realistic,passive_c40,202,27,84,14248,27957,6649,1002,49,15,7,24,104.17839741706848,0
manh,realistic,passive_c40,303,24,84,14934,29533,6828,1002,44,17,10,24,103.86230087280273,0
manh,realistic,passive_c40,505,25,84,14678,29044,6596,1359,35,25,11,24,103.68670415878296,0
manh,realistic,passive_c40,404,27,84,14737,29006,6787,879,35,25,11,24,104.13942527770996,0
manh,realistic,passive_c40,606,26,84,14131,27919,6325,1603,34,30,7,24,102.14840984344482,0
manh,realistic,passive_c40,707,28,84,14576,28718,6777,1490,42,22,7,24,103.84570288658142,0
manh,realistic,passive_c40,808,22,84,14879,29478,6733,759,42,19,10,24,103.65452098846436,0
manh,realistic,passive_c40,909,26,84,15412,30410,7203,1305,37,25,9,24,103.27360010147095,0
manh,realistic,passive_c40,1010,28,84,15007,29701,6818,1381,38,28,5,24,102.28862023353577,0
manh,realistic,passive_c40,1111,23,84,14407,28345,6753,623,44,19,8,24,103.37292838096619,0
manh,realistic,passive_c40,1212,29,84,14856,29296,6834,1020,50,17,4,24,103.04783797264099,0
manh,realistic,passive_c40,1313,23,84,14158,28060,6485,1282,44,20,7,24,103.86477136611938,0
manh,realistic,passive_c40,1414,23,84,13970,27645,6373,1145,46,18,7,24,103.21921515464783,0
manh,realistic,passive_c40,1515,25,84,15498,30425,7260,868,36,27,8,24,104.03339767456055,0
manh,realistic,passive_c40,1717,18,84,14299,28222,6518,1499,38,24,9,24,102.40540552139282,0
manh,realistic,passive_c40,1616,16,84,13925,27668,6184,1003,38,24,9,24,103.72572493553162,0
manh,realistic,passive_c40,1919,18,84,14481,28694,6640,1296,49,12,10,24,102.20624542236328,0
manh,realistic,passive_c40,1818,22,84,13347,26255,6174,933,49,12,10,24,103.21177983283997,0
manh,realistic,passive_c40_probes,42,25,84,14477,28645,6669,739,35,27,9,24,102.61696338653564,0
manh,realistic,passive_c40_probes,101,23,84,13423,26753,5886,1280,40,26,5,24,103.22851347923279,0
manh,realistic,passive_c40_probes,202,20,84,14149,28095,6373,2053,47,17,7,24,103.51989150047302,0
manh,realistic,passive_c40_probes,303,24,84,15267,30427,6798,1642,46,21,4,24,103.85472750663757,0
manh,realistic,passive_c40_probes,404,24,84,14957,29648,6823,1378,41,24,6,24,103.64260005950928,0
manh,realistic,passive_c40_probes,505,25,84,14031,27940,6278,928,48,17,6,24,102.61816430091858,0
manh,realistic,passive_c40_probes,606,21,84,14316,28285,6548,1210,42,18,11,24,103.22244715690613,0
manh,realistic,passive_c40_probes,707,27,84,14884,29271,7003,1002,38,26,7,24,101.89460945129395,0
manh,realistic,passive_c40_probes,808,27,84,15426,30432,7340,1242,46,17,8,24,103.33092594146729,0
manh,realistic,passive_c40_probes,909,29,84,15283,29980,7312,1348,43,17,11,24,103.78134655952454,0
manh,realistic,passive_c40_probes,1111,26,84,15224,30103,7052,1586,39,24,8,24,103.26706528663635,0
manh,realistic,passive_c40_probes,1010,24,84,14234,28093,6330,813,34,32,5,24,104.33690452575684,0
manh,realistic,passive_c40_probes,1212,32,84,15244,30031,7086,1126,45,20,6,24,102.39233636856079,0
manh,realistic,passive_c40_probes,1313,25,84,14473,28615,6613,928,50,18,3,24,103.95185351371765,0
manh,realistic,passive_c40_probes,1414,19,84,14540,28981,6462,922,41,22,8,24,103.0014877319336,0
manh,realistic,passive_c40_probes,1515,25,84,15496,30664,7277,1388,44,18,9,24,102.78813362121582,0
manh,realistic,passive_c40_probes,1616,18,84,14616,28698,6889,1154,45,21,5,24,103.29684019088745,0
manh,realistic,passive_c40_probes,1717,18,84,14651,28896,6831,861,47,21,3,24,102.95562553405762,0
manh,realistic,passive_c40_probes,1818,26,84,14285,28328,6430,1193,39,25,7,24,102.32743287086487,0
manh,realistic,passive_c40_probes,1919,28,84,14376,28440,6672,1175,41,19,11,24,103.59450268745422,0
manh,realistic,passive_c120_ttl_short,42,34,84,16592,32473,8141,1863,48,16,7,24,103.61309814453125,0
manh,realistic,passive_c120_ttl_short,101,28,84,15573,30699,7290,1122,40,29,2,24,104.34109830856323,0
manh,realistic,passive_c120_ttl_short,202,27,84,15627,30694,7401,1742,43,20,8,24,102.94636631011963,0
manh,realistic,passive_c120_ttl_short,303,29,84,15510,30364,7366,1070,50,16,5,24,102.3250162601471,0
manh,realistic,passive_c120_ttl_short,404,32,84,15469,30366,7334,1877,41,28,2,24,104.09802007675171,0
manh,realistic,passive_c120_ttl_short,505,29,84,15666,30859,7324,1857,41,28,2,24,103.36503171920776,0
manh,realistic,passive_c120_ttl_short,606,26,84,15329,30186,7199,1418,48,17,6,24,103.19199180603027,0
manh,realistic,passive_c120_ttl_short,707,31,84,16087,31442,7885,1392,41,23,7,24,102.9087393283844,0
manh,realistic,passive_c120_ttl_short,808,29,84,14997,29381,7031,858,39,24,8,24,102.75856733322144,0
manh,realistic,passive_c120_ttl_short,909,34,84,15708,30781,7564,2012,46,22,3,24,103.66004467010498,0
manh,realistic,passive_c120_ttl_short,1010,25,84,15440,30479,7169,1306,42,21,8,24,103.37532758712769,0
manh,realistic,passive_c120_ttl_short,1111,28,84,15307,30095,7254,1319,46,20,5,24,103.43214821815491,0
manh,realistic,passive_c120_ttl_short,1212,34,84,15716,30944,7361,1605,47,15,9,24,102.46659207344055,0
manh,realistic,passive_c120_ttl_short,1313,32,84,15407,30308,7164,1614,34,30,7,24,104.37449193000793,0
manh,realistic,passive_c120_ttl_short,1515,26,84,15965,31379,7535,1739,39,25,7,24,102.30757212638855,0
manh,realistic,passive_c120_ttl_short,1414,30,84,14035,27769,6259,932,43,20,8,24,104.07405114173889,0
manh,realistic,passive_c120_ttl_short,1616,32,84,15847,31213,7461,1505,44,22,5,24,102.29120254516602,0
manh,realistic,passive_c120_ttl_short,1717,25,84,15923,31220,7628,1091,44,20,7,24,104.50433421134949,0
manh,realistic,passive_c120_ttl_short,1919,29,84,16289,31928,7832,1322,47,15,9,24,102.84962463378906,0
manh,realistic,passive_c120_ttl_short,1818,32,84,16255,31810,7930,1881,47,15,9,24,103.07527017593384,0
manh,realistic,passive_c120_ttl_long,42,27,84,13990,27662,6334,1314,38,27,6,24,104.29340267181396,0
manh,realistic,passive_c120_ttl_long,101,35,84,15741,30872,7497,1737,44,19,8,24,102.80700135231018,0
manh,realistic,passive_c120_ttl_long,202,29,84,14642,28758,6675,1740,38,24,9,24,103.51545119285583,0
manh,realistic,passive_c120_ttl_long,303,26,84,16317,31952,7847,1631,37,24,10,24,102.71407461166382,0
manh,realistic,passive_c120_ttl_long,404,25,84,15673,30699,7365,1310,42,20,9,24,104.55632758140564,0
manh,realistic,passive_c120_ttl_long,505,31,84,15845,31147,7494,1484,43,20,8,24,104.39289665222168,0
manh,realistic,passive_c120_ttl_long,606,24,84,15802,31277,7415,1282,38,24,9,24,103.57769322395325,0
manh,realistic,passive_c120_ttl_long,707,34,84,15479,30358,7410,1274,49,15,7,24,103.26207613945007,0
manh,realistic,passive_c120_ttl_long,808,29,84,16279,32002,7759,1321,36,30,5,24,103.48229050636292,0
manh,realistic,passive_c120_ttl_long,909,28,84,16311,32175,7654,2172,36,30,5,24,103.48034405708313,0
manh,realistic,passive_c120_ttl_long,1010,27,84,14452,28633,6441,955,38,24,9,24,104.18886280059814,0
manh,realistic,passive_c120_ttl_long,1111,29,84,15739,30890,7481,1166,42,22,7,24,102.75621056556702,0
manh,realistic,passive_c120_ttl_long,1313,28,84,14503,28658,6640,1233,39,20,12,24,102.54116773605347,0
manh,realistic,passive_c120_ttl_long,1212,26,84,16113,31842,7583,2349,39,20,12,24,104.17723274230957,0
manh,realistic,passive_c120_ttl_long,1414,28,84,16960,33417,8141,1582,44,23,4,24,102.94436240196228,0
manh,realistic,passive_c120_ttl_long,1515,21,84,15430,30488,7210,1317,44,23,4,24,102.79099178314209,0
manh,realistic,passive_c120_ttl_long,1616,27,84,15437,30438,7239,1585,48,17,6,24,104.04329299926758,0
manh,realistic,passive_c120_ttl_long,1717,24,84,14560,28865,6679,1743,43,25,3,24,102.59804797172546,0
manh,realistic,passive_c120_ttl_long,1818,32,84,15427,30386,7197,1307,42,24,5,24,102.37494683265686,0
manh,realistic,passive_c120_ttl_long,1919,27,84,15349,30317,7193,1596,39,27,5,24,101.37098789215088,0
