region,feature,seed,delivered,sent,radio_tx,radio_rx,collisions,ackpath_tx,events_drift,events_shadow,events_fade,n_mutable_links,wall_s,rc
urban,baseline,202,27,37,362,817,46,144,24,20,2,12,1.2778656482696533,0
urban,baseline,606,33,37,391,889,49,172,24,20,2,12,1.295090675354004,0
urban,baseline,1111,27,37,457,972,132,233,24,20,2,12,1.296816110610962,0
urban,baseline,303,36,37,384,882,24,151,24,20,2,12,1.299936056137085,0
urban,baseline,42,36,37,414,977,16,189,24,20,2,12,1.303518533706665,0
urban,baseline,909,37,37,446,1026,52,218,24,20,2,12,1.3053321838378906,0
urban,baseline,707,27,37,346,811,13,144,24,20,2,12,1.3071370124816895,0
urban,baseline,101,35,37,408,942,36,179,24,20,2,12,1.3104174137115479,0
urban,baseline,404,29,37,366,862,11,154,24,20,2,12,1.3105406761169434,0
urban,baseline,1313,36,37,418,962,42,186,24,20,2,12,1.3165490627288818,0
urban,baseline,1010,29,37,366,856,18,154,24,20,2,12,1.3333911895751953,0
urban,baseline,808,29,37,356,818,28,144,24,20,2,12,1.3337934017181396,0
urban,baseline,505,34,37,391,913,23,173,24,20,2,12,1.3522977828979492,0
urban,baseline,1212,37,37,421,984,26,192,24,20,2,12,1.3677539825439453,0
urban,baseline,1515,27,37,359,822,16,144,27,11,8,12,1.307389736175537,0
urban,baseline,1414,21,37,307,668,43,112,27,11,8,12,1.3302700519561768,0
urban,baseline,1616,27,37,357,812,16,143,27,11,8,12,1.317356824874878,0
urban,passive_c120,202,24,37,419,887,93,193,27,11,8,12,1.3151819705963135,0
urban,passive_c120,42,21,37,341,779,26,111,27,11,8,12,1.3183856010437012,0
urban,baseline,1919,28,37,362,831,12,147,27,11,8,12,1.3258588314056396,0
urban,passive_c120,303,26,37,424,903,88,182,27,11,8,12,1.3184261322021484,0
urban,passive_c120,101,30,37,528,1059,166,257,27,11,8,12,1.329899787902832,0
urban,baseline,1818,23,37,364,844,21,126,27,11,8,12,1.3428902626037598,0
urban,baseline,1717,26,37,345,782,16,137,27,11,8,12,1.353771448135376,0
urban,passive_c120,404,25,37,402,867,74,161,27,11,8,12,1.3267369270324707,0
urban,passive_c120,606,26,37,492,955,182,221,27,11,8,12,1.3266644477844238,0
urban,passive_c120,707,22,37,353,788,44,125,27,11,8,12,1.3430728912353516,0
urban,passive_c120,505,21,37,472,931,164,202,27,11,8,12,1.3819894790649414,0
urban,passive_c120,909,33,37,479,1052,83,215,22,19,5,12,1.3333539962768555,0
urban,passive_c120,1010,33,37,480,1064,69,204,22,19,5,12,1.3442316055297852,0
urban,passive_c120,1212,34,37,600,1209,191,296,22,19,5,12,1.3346796035766602,0
urban,passive_c120,808,34,37,588,1215,158,303,22,19,5,12,1.3654539585113525,0
urban,passive_c120,1414,29,37,553,1127,170,276,22,19,5,12,1.3379530906677246,0
urban,passive_c120,1515,32,37,580,1204,154,292,22,19,5,12,1.3367621898651123,0
urban,passive_c120,1616,28,37,550,1118,166,264,22,19,5,12,1.3319218158721924,0
urban,passive_c120,1111,31,37,576,1173,179,282,22,19,5,12,1.3562648296356201,0
urban,passive_c120,1818,36,37,508,1134,64,236,22,19,5,12,1.3415491580963135,0
urban,passive_c120,1313,33,37,592,1210,182,301,22,19,5,12,1.3731625080108643,0
urban,passive_c120,1919,35,37,472,1062,54,201,22,19,5,12,1.3467824459075928,0
urban,passive_c120,1717,37,37,520,1169,59,245,22,19,5,12,1.3919007778167725,0
urban,passive_c120_probes,42,31,37,566,1159,164,287,22,19,5,12,1.3570561408996582,0
urban,passive_c120_probes,101,30,37,524,1120,111,237,22,19,5,12,1.3671998977661133,0
urban,passive_c120_probes,202,23,37,370,832,51,153,26,13,7,12,1.325646162033081,0
urban,passive_c120_probes,404,28,37,528,1097,137,255,26,13,7,12,1.3401916027069092,0
urban,passive_c120_probes,303,31,37,545,1100,172,269,26,13,7,12,1.3568437099456787,0
urban,passive_c120_probes,909,30,37,544,1118,157,273,26,13,7,12,1.3365607261657715,0
urban,passive_c120_probes,606,27,37,516,1034,170,247,26,13,7,12,1.3528385162353516,0
urban,passive_c120_probes,808,31,37,534,1111,138,254,26,13,7,12,1.349815845489502,0
urban,passive_c120_probes,505,30,37,520,1079,139,248,26,13,7,12,1.3609850406646729,0
urban,passive_c120_probes,707,28,37,515,1071,141,248,26,13,7,12,1.360539436340332,0
urban,passive_c120_probes,1010,31,37,558,1166,142,268,26,13,7,12,1.347374439239502,0
urban,passive_c120_probes,1111,29,37,537,1111,148,257,26,13,7,12,1.357867956161499,0
urban,passive_c120_probes,1212,30,37,542,1126,143,259,26,13,7,12,1.3503763675689697,0
urban,passive_c120_probes,1313,28,37,528,1063,181,237,26,13,7,12,1.355069637298584,0
urban,passive_c120_probes,1515,31,37,558,1195,115,282,26,13,7,12,1.3330917358398438,0
urban,passive_c120_probes,1414,26,37,514,1037,164,229,26,13,7,12,1.365832805633545,0
urban,passive_c120_probes,1616,33,37,576,1235,137,293,30,12,4,12,1.353409767150879,0
urban,passive_c40,202,25,37,419,894,101,185,30,12,4,12,1.3051512241363525,0
urban,passive_c120_probes,1717,32,37,426,961,52,167,30,12,4,12,1.3487026691436768,0
urban,passive_c40,101,26,37,478,985,148,231,30,12,4,12,1.3252928256988525,0
urban,passive_c120_probes,1818,34,37,437,1018,34,166,30,12,4,12,1.340247631072998,0
urban,passive_c40,404,26,37,425,924,86,193,30,12,4,12,1.312875747680664,0
urban,passive_c40,42,25,37,415,902,84,185,30,12,4,12,1.345123529434204,0
urban,passive_c40,303,27,37,471,978,134,217,30,12,4,12,1.3387937545776367,0
urban,passive_c120_probes,1919,34,37,463,1068,43,190,30,12,4,12,1.3594658374786377,0
urban,passive_c40,505,27,37,398,902,50,168,30,12,4,12,1.3284146785736084,0
urban,passive_c40,606,25,37,486,1007,146,235,30,12,4,12,1.3401939868927002,0
urban,passive_c40,909,25,37,473,969,150,236,30,12,4,12,1.3225276470184326,0
urban,passive_c40,808,24,37,412,901,73,179,30,12,4,12,1.3473961353302002,0
urban,passive_c40,707,29,37,391,890,48,150,30,12,4,12,1.3676650524139404,0
urban,passive_c40,1010,26,37,445,985,89,185,26,16,4,12,1.3311986923217773,0
urban,passive_c40,1111,26,37,475,994,135,231,26,16,4,12,1.324831485748291,0
urban,passive_c40,1313,27,37,494,1024,151,244,26,16,4,12,1.3284194469451904,0
urban,passive_c40,1515,24,37,396,882,74,169,26,16,4,12,1.329305648803711,0
urban,passive_c40,1616,26,37,484,1012,142,242,26,16,4,12,1.3214144706726074,0
urban,passive_c40,1414,28,37,505,1062,140,264,26,16,4,12,1.3540353775024414,0
urban,passive_c40,1212,26,37,502,1021,174,242,26,16,4,12,1.3678874969482422,0
urban,passive_c40,1818,28,37,512,1067,154,261,26,16,4,12,1.3521440029144287,0
urban,passive_c40,1919,27,37,490,1034,134,243,26,16,4,12,1.3429884910583496,0
urban,passive_c40,1717,25,37,467,944,165,224,26,16,4,12,1.3629519939422607,0
urban,passive_c40_probes,42,26,37,493,1017,149,251,26,16,4,12,1.3394739627838135,0
urban,passive_c40_probes,101,28,37,510,1063,149,246,26,16,4,12,1.3350462913513184,0
urban,passive_c40_probes,202,27,37,501,1030,161,251,26,16,4,12,1.350797414779663,0
urban,passive_c40_probes,303,28,37,483,957,191,237,26,16,4,12,1.3555972576141357,0
urban,passive_c40_probes,404,29,37,481,1023,101,235,30,12,4,12,1.335141658782959,0
urban,passive_c40_probes,606,25,37,474,989,117,224,30,12,4,12,1.3346195220947266,0
urban,passive_c40_probes,505,26,37,486,971,166,244,30,12,4,12,1.3656847476959229,0
urban,passive_c40_probes,909,28,37,504,1017,156,251,30,12,4,12,1.3232297897338867,0
urban,passive_c40_probes,707,25,37,486,1005,129,233,30,12,4,12,1.348069429397583,0
urban,passive_c40_probes,808,28,37,512,1054,132,251,30,12,4,12,1.3471009731292725,0
urban,passive_c40_probes,1010,29,37,543,1124,146,279,30,12,4,12,1.3491394519805908,0
urban,passive_c40_probes,1313,27,37,499,1027,137,245,30,12,4,12,1.3596060276031494,0
urban,passive_c40_probes,1212,28,37,513,1090,109,255,30,12,4,12,1.3646154403686523,0
urban,passive_c40_probes,1111,27,37,513,1058,137,242,30,12,4,12,1.3717265129089355,0
urban,passive_c40_probes,1414,27,37,502,1050,115,254,30,12,4,12,1.3635201454162598,0
urban,passive_c40_probes,1515,28,37,511,1066,119,261,30,12,4,12,1.3595657348632812,0
urban,passive_c40_probes,1717,29,37,509,1043,137,260,30,12,4,12,1.347754716873169,0
urban,passive_c40_probes,1616,27,37,408,910,55,181,30,12,4,12,1.3669462203979492,0
urban,passive_c40_probes,1818,23,37,474,976,155,215,26,15,5,12,1.3425214290618896,0
urban,passive_c120_ttl_short,202,29,37,556,1124,203,266,26,15,5,12,1.3004364967346191,0
urban,passive_c40_probes,1919,30,37,451,1011,71,193,26,15,5,12,1.3289895057678223,0
urban,passive_c120_ttl_short,42,31,37,528,1140,129,254,26,15,5,12,1.3324930667877197,0
urban,passive_c120_ttl_short,101,31,37,460,1027,77,184,26,15,5,12,1.3329493999481201,0
urban,passive_c120_ttl_short,303,30,37,574,1153,220,268,26,15,5,12,1.349229097366333,0
urban,passive_c120_ttl_short,404,32,37,593,1252,168,309,26,15,5,12,1.329355239868164,0
urban,passive_c120_ttl_short,707,31,37,537,1130,153,271,26,15,5,12,1.3258097171783447,0
urban,passive_c120_ttl_short,505,28,37,522,1059,184,238,26,15,5,12,1.336707592010498,0
urban,passive_c120_ttl_short,606,29,37,546,1086,221,269,26,15,5,12,1.3604581356048584,0
urban,passive_c120_ttl_short,808,33,37,599,1264,168,314,26,15,5,12,1.3595802783966064,0
urban,passive_c120_ttl_short,909,30,37,441,998,66,178,26,15,5,12,1.3305342197418213,0
urban,passive_c120_ttl_short,1010,31,37,523,1115,137,240,26,15,5,12,1.3282673358917236,0
urban,passive_c120_ttl_short,1111,32,37,603,1240,200,304,26,15,5,12,1.3359692096710205,0
urban,passive_c120_ttl_short,1212,32,37,584,1217,181,281,28,16,2,12,1.3465774059295654,0
urban,passive_c120_ttl_short,1313,36,37,628,1302,201,332,28,16,2,12,1.3538427352905273,0
urban,passive_c120_ttl_short,1616,34,37,475,1082,64,218,28,16,2,12,1.3280723094940186,0
urban,passive_c120_ttl_short,1414,33,37,595,1205,219,306,28,16,2,12,1.363663911819458,0
urban,passive_c120_ttl_short,1515,30,37,583,1215,179,281,28,16,2,12,1.3604381084442139,0
urban,passive_c120_ttl_short,1818,37,37,491,1126,58,221,28,16,2,12,1.3571665287017822,0
urban,passive_c120_ttl_short,1919,37,37,629,1316,188,336,28,16,2,12,1.3424205780029297,0
urban,passive_c120_ttl_short,1717,35,37,485,1108,63,222,28,16,2,12,1.3824653625488281,0
urban,passive_c120_ttl_long,42,32,37,591,1207,206,300,28,16,2,12,1.3476619720458984,0
urban,passive_c120_ttl_long,202,36,37,509,1193,49,246,28,16,2,12,1.3095946311950684,0
urban,passive_c120_ttl_long,101,36,37,610,1270,186,325,28,16,2,12,1.336653470993042,0
urban,passive_c120_ttl_long,404,34,37,610,1286,169,324,28,16,2,12,1.3191337585449219,0
urban,passive_c120_ttl_long,303,33,37,589,1224,183,292,28,16,2,12,1.3470540046691895,0
urban,passive_c120_ttl_long,505,33,37,468,1058,69,211,28,16,2,12,1.3682055473327637,0
urban,passive_c120_ttl_long,606,27,37,436,892,120,191,29,10,7,12,1.328916072845459,0
urban,passive_c120_ttl_long,707,31,37,569,1147,174,290,29,10,7,12,1.3371531963348389,0
urban,passive_c120_ttl_long,909,35,37,603,1175,221,302,29,10,7,12,1.3320629596710205,0
urban,passive_c120_ttl_long,808,32,37,584,1195,165,283,29,10,7,12,1.3588476181030273,0
urban,passive_c120_ttl_long,1010,33,37,571,1197,130,286,29,10,7,12,1.3604178428649902,0
urban,passive_c120_ttl_long,1313,32,37,523,1101,112,244,29,10,7,12,1.322296380996704,0
urban,passive_c120_ttl_long,1111,32,37,585,1194,164,298,29,10,7,12,1.345026969909668,0
urban,passive_c120_ttl_long,1414,28,37,533,1055,182,262,29,10,7,12,1.3352360725402832,0
urban,passive_c120_ttl_long,1515,28,37,532,1085,147,249,29,10,7,12,1.3375608921051025,0
urban,passive_c120_ttl_long,1616,30,37,563,1145,161,282,29,10,7,12,1.3367083072662354,0
urban,passive_c120_ttl_long,1212,26,37,452,944,102,200,29,10,7,12,1.3659520149230957,0
urban,passive_c120_ttl_long,1818,32,37,580,1175,168,283,29,10,7,12,1.3358619213104248,0
urban,passive_c120_ttl_long,1717,32,37,561,1162,132,265,29,10,7,12,1.3457660675048828,0
urban,passive_c120_ttl_long,1919,33,37,585,1184,170,299,29,10,7,12,1.3495697975158691,0
gdansk,baseline,909,22,50,4502,8867,1956,624,43,18,10,24,43.67094326019287,0
gdansk,baseline,42,16,50,4841,9498,2211,596,44,20,7,24,45.34197211265564,0
gdansk,baseline,1111,13,50,4457,8830,1976,763,33,30,8,24,45.29895830154419,0
gdansk,baseline,505,20,50,4767,9321,2207,1067,33,30,8,24,45.41433000564575,0
gdansk,baseline,606,16,50,4359,8611,1848,921,33,30,8,24,45.50693082809448,0
gdansk,baseline,404,17,50,4823,9526,2162,788,44,20,7,24,45.53863024711609,0
gdansk,baseline,1010,17,50,4949,9794,2181,1086,33,30,8,24,45.50896501541138,0
gdansk,baseline,1313,22,50,4825,9450,2152,635,33,30,8,24,45.55817937850952,0
gdansk,baseline,808,20,50,4695,9327,2005,1100,33,30,8,24,45.81141781806946,0
gdansk,baseline,1212,21,50,4576,9023,2019,803,33,30,8,24,45.866474628448486,0
gdansk,baseline,707,19,50,4666,9169,2099,941,33,30,8,24,45.97141981124878,0
gdansk,baseline,303,17,50,4370,8698,1840,517,33,30,8,24,46.123085021972656,0
gdansk,baseline,101,18,50,4725,9284,2108,836,33,30,8,24,46.15904378890991,0
gdansk,baseline,202,18,50,5022,9820,2308,845,33,30,8,24,46.29406499862671,0
gdansk,baseline,1515,18,50,4487,8768,2024,647,39,29,3,24,43.68474817276001,0
gdansk,baseline,1414,19,50,5102,10028,2392,1267,39,29,3,24,45.387653827667236,0
gdansk,passive_c120,42,19,50,4922,9664,2223,1032,42,23,6,24,44.979724645614624,0
gdansk,baseline,1616,22,50,4806,9464,2177,769,42,23,6,24,45.235172510147095,0
gdansk,baseline,1818,19,50,4644,9109,2100,888,42,23,6,24,45.6553168296814,0
gdansk,baseline,1717,17,50,4396,8703,1855,576,42,23,6,24,45.89271068572998,0
gdansk,baseline,1919,15,50,4465,8780,1932,918,42,23,6,24,45.823546171188354,0
gdansk,passive_c120,202,22,50,5051,9863,2303,888,42,23,6,24,45.61321997642517,0
gdansk,passive_c120,101,17,50,4979,9717,2309,664,42,23,6,24,46.0400664806366,0
gdansk,passive_c120,303,19,50,4616,9083,2069,867,39,20,12,24,45.840243101119995,0
gdansk,passive_c120,404,21,50,5162,10033,2481,810,42,23,6,24,45.79455614089966,0
gdansk,passive_c120,707,19,50,4618,9153,2014,689,39,20,12,24,46.348275899887085,0
gdansk,passive_c120,505,18,50,4902,9510,2288,935,39,20,12,24,46.523022174835205,0
gdansk,passive_c120,606,19,50,4880,9713,2087,1069,39,20,12,24,46.79857277870178,0
gdansk,passive_c120,909,16,50,4489,8760,2054,847,35,24,12,24,43.72666096687317,0
gdansk,passive_c120,808,19,50,5032,9936,2249,999,51,16,4,24,45.42498421669006,0
gdansk,passive_c120,1515,18,50,4411,8714,1945,449,51,16,4,24,44.224345684051514,0
gdansk,passive_c120,1010,20,50,4606,9212,1947,728,47,17,7,24,45.44240045547485,0
gdansk,passive_c120,1111,16,50,4600,9053,2011,753,47,17,7,24,46.07984924316406,0
gdansk,passive_c120,1212,19,50,4866,9573,2113,1226,42,19,10,24,45.63365960121155,0
gdansk,passive_c120,1414,18,50,4782,9389,2136,866,42,19,10,24,45.819878339767456,0
gdansk,passive_c120,1313,17,50,4562,8992,1955,502,42,19,10,24,46.15785479545593,0
gdansk,passive_c120_probes,42,16,50,4988,9815,2298,1161,47,20,4,24,45.24354028701782,0
gdansk,passive_c120,1818,16,50,4707,9205,2119,1000,47,20,4,24,46.37074565887451,0
gdansk,passive_c120,1717,22,50,5329,10437,2473,1046,47,20,4,24,46.5600483417511,0
gdansk,passive_c120,1616,17,50,4843,9549,2158,781,47,20,4,24,46.630921363830566,0
gdansk,passive_c120,1919,14,50,4512,8816,2027,640,47,20,4,24,45.90421414375305,0
gdansk,passive_c120_probes,101,20,50,5059,9982,2307,969,43,20,8,24,45.79459619522095,0
gdansk,passive_c120_probes,202,21,50,4862,9641,2103,734,41,22,8,24,45.87403750419617,0
gdansk,passive_c120_probes,303,21,50,4716,9297,2092,701,38,29,4,24,46.15048146247864,0
gdansk,passive_c120_probes,404,21,50,5060,9943,2331,912,45,18,8,24,45.83177375793457,0
gdansk,passive_c120_probes,909,22,50,4868,9551,2216,593,45,18,8,24,44.06484889984131,0
gdansk,passive_c120_probes,505,19,50,5201,10082,2444,888,47,18,6,24,45.73040509223938,0
gdansk,passive_c120_probes,606,18,50,4842,9557,2094,928,47,18,6,24,45.70028352737427,0
gdansk,passive_c120_probes,1515,16,50,4474,8850,1902,573,47,18,6,24,43.9797420501709,0
gdansk,passive_c120_probes,707,13,50,4291,8573,1743,633,47,18,6,24,46.11577224731445,0
gdansk,passive_c120_probes,808,16,50,4711,9340,2041,735,38,26,7,24,45.911240100860596,0
gdansk,passive_c120_probes,1010,21,50,5080,10075,2217,1131,38,26,7,24,46.02124285697937,0
gdansk,passive_c120_probes,1313,23,50,4353,8650,1825,624,43,21,7,24,46.03258490562439,0
gdansk,passive_c120_probes,1414,17,50,4896,9670,2197,916,43,21,7,24,46.137529373168945,0
gdansk,passive_c120_probes,1212,17,50,5183,10126,2424,1073,43,21,7,24,46.44573974609375,0
gdansk,passive_c120_probes,1111,15,50,4866,9563,2199,927,43,21,7,24,46.629878997802734,0
gdansk,passive_c120_probes,1616,21,50,4846,9595,2107,919,39,23,9,24,45.47891402244568,0
gdansk,passive_c120_probes,1717,26,50,5293,10429,2353,1235,41,26,4,24,45.84726023674011,0
gdansk,passive_c40,42,18,50,4517,8917,1936,554,44,21,6,24,45.389408111572266,0
gdansk,passive_c120_probes,1919,18,50,4638,9051,2133,725,44,21,6,24,45.57416534423828,0
gdansk,passive_c120_probes,1818,17,50,4802,9379,2214,976,44,21,6,24,46.447142362594604,0
gdansk,passive_c40,404,12,50,3945,7790,1627,466,42,23,6,24,45.05392575263977,0
gdansk,passive_c40,303,14,50,4352,8578,1929,403,42,23,6,24,45.27422833442688,0
gdansk,passive_c40,101,14,50,4038,8079,1659,620,42,23,6,24,46.103989124298096,0
gdansk,passive_c40,909,16,50,3865,7750,1525,836,43,20,8,24,44.10789752006531,0
gdansk,passive_c40,202,14,50,4187,8278,1790,655,43,20,8,24,46.30343532562256,0
gdansk,passive_c40,505,15,50,4092,8158,1618,906,39,22,10,24,45.92012667655945,0
gdansk,passive_c40,606,12,50,3647,7281,1367,601,39,22,10,24,45.61768174171448,0
gdansk,passive_c40,707,13,50,3827,7640,1498,561,39,22,10,24,45.81037759780884,0
gdansk,passive_c40,808,12,50,3670,7340,1399,303,43,19,9,24,46.365939140319824,0
gdansk,passive_c40,1010,15,50,4211,8320,1775,354,43,18,10,24,45.58043551445007,0
gdansk,passive_c40,1515,22,50,4273,8554,1769,672,41,21,9,24,43.69081401824951,0
gdansk,passive_c40,1111,14,50,3871,7793,1493,735,41,21,9,24,45.76530480384827,0
gdansk,passive_c40,1212,17,50,4375,8655,1826,927,50,15,6,24,45.3763689994812,0
gdansk,passive_c40,1313,17,50,4495,8855,1965,750,50,15,6,24,46.44538903236389,0
gdansk,passive_c40,1414,10,50,3925,7775,1587,552,32,32,7,24,45.642667055130005,0
gdansk,passive_c40,1616,16,50,4223,8326,1821,501,32,32,7,24,46.21354937553406,0
gdansk,passive_c40,1717,17,50,4424,8750,1906,708,32,32,7,24,46.37089562416077,0
gdansk,passive_c40,1919,13,50,3941,7796,1601,651,47,19,5,24,45.924216508865356,0
gdansk,passive_c40,1818,11,50,3907,7726,1606,686,47,19,5,24,46.420456647872925,0
gdansk,passive_c40_probes,42,16,50,4800,9545,2047,1059,47,19,5,24,45.843502044677734,0
gdansk,passive_c40_probes,101,17,50,3968,7896,1579,753,40,22,9,24,45.635122776031494,0
gdansk,passive_c40_probes,202,14,50,4393,8757,1853,727,40,22,9,24,45.603623151779175,0
gdansk,passive_c40_probes,303,17,50,4357,8582,1873,560,47,20,4,24,45.73342299461365,0
gdansk,passive_c40_probes,404,9,50,3983,7850,1663,517,43,22,6,24,45.78238105773926,0
gdansk,passive_c40_probes,909,17,50,4298,8527,1802,896,49,18,4,24,43.98141431808472,0
gdansk,passive_c40_probes,606,10,50,3646,7311,1391,229,44,23,4,24,46.23302745819092,0
gdansk,passive_c40_probes,505,13,50,3972,7852,1611,531,44,23,4,24,46.96437406539917,0
gdansk,passive_c40_probes,808,10,50,3671,7443,1315,483,40,20,11,24,45.41851234436035,0
gdansk,passive_c40_probes,707,12,50,4056,8151,1572,563,44,23,4,24,46.52444124221802,0
gdansk,passive_c40_probes,1515,15,50,4358,8705,1797,648,44,19,8,24,43.911922454833984,0
gdansk,passive_c40_probes,1212,18,50,3828,7656,1463,502,44,19,8,24,45.9613835811615,0
gdansk,passive_c40_probes,1111,17,50,4152,8373,1598,888,44,18,9,24,46.00740146636963,0
gdansk,passive_c40_probes,1010,17,50,4458,8849,1847,795,44,19,8,24,46.5469810962677,0
gdansk,passive_c40_probes,1414,13,50,4110,8062,1789,643,44,18,9,24,45.651034355163574,0
gdansk,passive_c40_probes,1313,14,50,4418,8768,1893,586,44,18,9,24,46.161574602127075,0
gdansk,passive_c40_probes,1616,18,50,4367,8592,1846,524,43,21,7,24,45.65578770637512,0
gdansk,passive_c40_probes,1717,16,50,4034,7952,1645,436,39,25,7,24,45.63081932067871,0
gdansk,passive_c40_probes,1818,13,50,3993,7861,1673,624,40,21,10,24,45.439287424087524,0
gdansk,passive_c40_probes,1919,10,50,3743,7448,1478,660,40,23,8,24,45.51608991622925,0
gdansk,passive_c120_ttl_short,42,26,50,5418,10600,2609,1003,43,21,7,24,45.86540627479553,0
gdansk,passive_c120_ttl_short,303,23,50,4659,9229,2076,996,48,18,5,24,45.59026789665222,0
gdansk,passive_c120_ttl_short,101,18,50,4703,9219,2118,468,48,18,5,24,46.32047939300537,0
gdansk,passive_c120_ttl_short,909,20,50,4806,9349,2233,858,48,18,5,24,43.78698253631592,0
gdansk,passive_c120_ttl_short,202,15,50,5038,9875,2328,938,48,18,5,24,46.42123985290527,0
gdansk,passive_c120_ttl_short,404,23,50,5156,10104,2388,876,48,18,5,24,46.05571150779724,0
gdansk,passive_c120_ttl_short,707,18,50,4684,9223,2080,803,45,21,5,24,45.924397468566895,0
gdansk,passive_c120_ttl_short,808,19,50,5124,10134,2254,1068,45,21,5,24,45.7285521030426,0
gdansk,passive_c120_ttl_short,1010,19,50,4796,9542,2093,752,45,21,5,24,45.67363405227661,0
gdansk,passive_c120_ttl_short,505,20,50,5044,9826,2330,1154,45,21,5,24,46.62523102760315,0
gdansk,passive_c120_ttl_short,606,18,50,4877,9492,2261,470,45,21,5,24,46.68636202812195,0
gdansk,passive_c120_ttl_short,1111,18,50,4972,9748,2286,906,43,21,7,24,45.610491037368774,0
gdansk,passive_c120_ttl_short,1212,18,50,4885,9683,2118,1208,45,23,3,24,46.09101152420044,0
gdansk,passive_c120_ttl_short,1313,22,50,4954,9780,2169,951,52,14,5,24,45.663480043411255,0
gdansk,passive_c120_ttl_short,1515,17,50,4590,8984,2059,565,46,17,8,24,44.46239423751831,0
gdansk,passive_c120_ttl_short,1414,23,50,4882,9648,2173,863,41,17,13,24,45.735530614852905,0
gdansk,passive_c120_ttl_short,1616,20,50,5056,9960,2257,906,39,25,7,24,45.52414298057556,0
gdansk,passive_c120_ttl_short,1919,19,50,4371,8684,1809,602,39,25,7,24,45.555235147476196,0
gdansk,passive_c120_ttl_short,1818,21,50,4999,9815,2279,811,39,25,7,24,46.10391545295715,0
gdansk,passive_c120_ttl_short,1717,21,50,4837,9450,2189,803,39,25,7,24,46.383663177490234,0
gdansk,passive_c120_ttl_long,42,17,50,4865,9551,2216,735,42,22,7,24,45.24726128578186,0
gdansk,passive_c120_ttl_long,303,20,50,4863,9452,2293,589,39,24,8,24,45.41924285888672,0
gdansk,passive_c120_ttl_long,202,20,50,4924,9596,2301,996,39,24,8,24,45.55187010765076,0
gdansk,passive_c120_ttl_long,404,21,50,4797,9436,2213,795,39,24,8,24,45.45207357406616,0
gdansk,passive_c120_ttl_long,101,18,50,5056,9852,2357,734,39,24,8,24,46.55840063095093,0
gdansk,passive_c120_ttl_long,505,20,50,4746,9319,2064,1060,47,18,6,24,46.157153606414795,0
gdansk,passive_c120_ttl_long,606,18,50,4589,9080,1972,733,43,21,7,24,46.44784092903137,0
gdansk,passive_c120_ttl_long,909,23,50,4973,9709,2310,1036,44,22,5,24,44.253965854644775,0
gdansk,passive_c120_ttl_long,707,16,50,4567,8959,2055,792,44,22,5,24,45.509159564971924,0
gdansk,passive_c120_ttl_long,808,19,50,4870,9578,2207,866,43,20,8,24,46.206764459609985,0
gdansk,passive_c120_ttl_long,1010,17,50,4947,9763,2202,876,46,22,3,24,45.503467082977295,0
gdansk,passive_c120_ttl_long,1515,18,50,4829,9509,2126,903,46,22,3,24,43.48997116088867,0
gdansk,passive_c120_ttl_long,1111,16,50,4484,8860,1886,653,33,25,13,24,45.99425435066223,0
gdansk,passive_c120_ttl_long,1212,15,50,4454,8728,2004,713,33,25,13,24,45.84165024757385,0
gdansk,passive_c120_ttl_long,1313,13,50,4541,8915,2018,624,45,23,3,24,46.160611391067505,0
gdansk,passive_c120_ttl_long,1717,17,50,4986,9744,2248,700,45,20,6,24,45.777026891708374,0
gdansk,passive_c120_ttl_long,1616,19,50,4743,9300,2145,745,45,20,6,24,46.15484809875488,0
gdansk,passive_c120_ttl_long,1414,21,50,5229,10312,2353,741,45,20,6,24,47.31619906425476,0
gdansk,passive_c120_ttl_long,1919,15,50,4309,8595,1784,509,44,20,7,24,45.94705247879028,0
gdansk,passive_c120_ttl_long,1818,18,50,4808,9398,2174,980,44,20,7,24,46.838969230651855,0
seapdx,baseline,1212,21,50,31901,74679,26271,2445,48,17,6,24,618.2508814334869,0
seapdx,baseline,101,24,50,33929,79308,28043,3053,43,24,4,24,624.4121990203857,0
seapdx,baseline,808,24,50,32593,76527,26611,3061,44,18,9,24,621.1135032176971,0
seapdx,baseline,707,23,50,31411,73856,25619,4891,44,18,9,24,622.7234623432159,0
seapdx,baseline,42,21,50,31482,74067,25531,2446,42,20,9,24,627.0522422790527,0
seapdx,baseline,909,22,50,32481,75485,27393,1188,44,18,9,24,622.0985465049744,0
seapdx,baseline,404,17,50,30873,72845,24870,3707,42,20,9,24,624.8625252246857,0
seapdx,baseline,505,22,50,32520,76086,26913,1858,42,20,9,24,624.9814140796661,0
seapdx,baseline,1111,24,50,34462,80361,28605,2495,42,20,9,24,622.4248185157776,0
seapdx,baseline,303,20,50,28972,68778,22821,3093,39,20,12,24,627.6181080341339,0
seapdx,baseline,202,24,50,33818,78823,28291,3049,47,17,7,24,629.2502071857452,0
seapdx,baseline,606,24,50,31411,74008,25387,3074,47,17,7,24,627.7268862724304,0
seapdx,baseline,1313,24,50,34585,79717,30203,1263,52,13,6,24,624.7092001438141,0
seapdx,baseline,1010,29,50,36085,82970,31370,2412,42,21,8,24,627.6575627326965,0
seapdx,passive_c120,101,20,50,34862,80234,30280,2489,47,14,10,24,620.2685537338257,0
seapdx,baseline,1616,21,50,32429,74986,27706,660,39,22,10,24,622.8789694309235,0
seapdx,passive_c120,42,22,50,33074,77065,27741,1866,47,14,10,24,621.6330497264862,0
seapdx,baseline,1515,17,50,29452,69338,23875,3661,47,14,10,24,624.5360207557678,0
seapdx,baseline,1818,19,50,30202,71422,24210,3684,41,26,4,24,622.8212931156158,0
seapdx,baseline,1414,23,50,32514,75830,27165,2472,43,23,5,24,627.1802756786346,0
seapdx,passive_c120,707,23,50,31429,73602,25741,35,43,23,5,24,619.0399029254913,0
seapdx,baseline,1717,20,50,32414,75191,27610,3707,45,19,7,24,627.2406964302063,0
seapdx,passive_c120,202,25,50,34514,80538,28879,5514,43,23,5,24,625.8168001174927,0
seapdx,passive_c120,303,24,50,33898,79394,27805,3737,46,20,5,24,626.8152642250061,0
seapdx,passive_c120,404,22,50,31930,74955,26120,1869,39,24,8,24,626.9030253887177,0
seapdx,passive_c120,606,19,50,33046,77133,27549,2508,46,20,5,24,625.3148334026337,0
seapdx,passive_c120,505,26,50,35382,81726,30621,3706,46,20,5,24,626.1514430046082,0
seapdx,baseline,1919,22,50,32082,75418,26253,6746,39,24,8,24,630.3125307559967,0
seapdx,passive_c120,1111,24,50,31935,74586,26462,1257,46,20,5,24,619.3868408203125,0
seapdx,passive_c120,808,26,50,33779,78669,28229,1244,45,20,6,24,622.205043554306,0
seapdx,passive_c120,1212,18,50,30126,71373,23953,4312,46,20,5,24,620.7032294273376,0
seapdx,passive_c120,909,15,50,27340,65366,20799,2450,49,20,2,24,623.7674551010132,0
seapdx,passive_c120,1313,25,50,34763,80381,30032,3061,43,20,8,24,624.8041949272156,0
seapdx,passive_c120,1010,26,50,33704,78035,28819,3690,40,22,9,24,628.3270800113678,0
seapdx,passive_c120,1414,21,50,29172,69516,22656,3712,42,24,5,24,626.418297290802,0
seapdx,passive_c120,1717,24,50,31868,74240,26715,1873,44,18,9,24,622.769937992096,0
seapdx,passive_c120,1616,23,50,32665,76266,27038,1875,39,25,7,24,626.8242950439453,0
seapdx,passive_c120_probes,101,22,50,32688,76002,27449,2434,39,25,7,24,623.9595808982849,0
seapdx,passive_c120,1919,26,50,33382,78259,27406,3093,42,24,5,24,625.6831784248352,0
seapdx,passive_c120,1515,22,50,31387,73396,25845,3070,42,24,5,24,628.9373183250427,0
seapdx,passive_c120_probes,42,22,50,29627,69999,23808,3083,44,18,9,24,625.7482707500458,0
seapdx,passive_c120,1818,19,50,31402,74376,25049,2476,44,19,8,24,627.2006485462189,0
seapdx,passive_c120_probes,303,18,50,31419,74117,25355,2429,43,23,5,24,619.1337678432465,0
seapdx,passive_c120_probes,404,24,50,31042,73333,24765,1300,38,24,9,24,623.688417673111,0
seapdx,passive_c120_probes,202,22,50,34472,80546,28814,3123,40,25,6,24,626.3931279182434,0
seapdx,passive_c120_probes,606,25,50,31414,74381,25093,2497,45,19,7,24,623.9471917152405,0
seapdx,passive_c120_probes,707,21,50,33246,77678,27690,4320,47,16,8,24,623.6926181316376,0
seapdx,passive_c120_probes,808,23,50,30892,72572,25092,4308,45,19,7,24,623.2676496505737,0
seapdx,passive_c120_probes,505,21,50,31485,74452,25214,4330,47,16,8,24,630.3608787059784,0
seapdx,passive_c120_probes,1212,24,50,31123,72615,26035,2479,38,21,12,24,622.3029718399048,0
seapdx,passive_c120_probes,1414,22,50,31445,73338,26177,2474,45,23,3,24,621.7432527542114,0
seapdx,passive_c120_probes,1010,20,50,32656,76736,26713,5557,42,22,7,24,624.7095804214478,0
seapdx,passive_c120_probes,1313,19,50,32049,75052,26432,1882,45,23,3,24,624.1698858737946,0
seapdx,passive_c120_probes,909,26,50,32293,75997,26023,2494,43,24,4,24,628.2807369232178,0
seapdx,passive_c120_probes,1111,24,50,33143,77365,27655,3109,47,18,6,24,626.2076208591461,0
seapdx,passive_c120_probes,1515,22,50,32652,76498,26902,5532,42,24,5,24,625.9469349384308,0
seapdx,passive_c120_probes,1616,22,50,33879,79045,28332,3709,45,17,9,24,623.2180988788605,0
seapdx,passive_c40,101,13,50,26055,62761,19324,1825,37,27,7,24,621.2193009853363,0
seapdx,passive_c120_probes,1717,29,50,33772,78780,28215,650,46,23,2,24,629.0896155834198,0
seapdx,passive_c120_probes,1818,21,50,30282,72054,23663,3142,37,27,7,24,629.545652627945,0
seapdx,passive_c40,202,11,50,24259,59462,16969,638,38,25,8,24,623.1503710746765,0
seapdx,passive_c40,42,17,50,25959,62076,19812,1238,42,21,8,24,624.9888174533844,0
seapdx,passive_c120_probes,1919,23,50,32751,76852,26870,5518,42,21,8,24,625.5038022994995,0
seapdx,passive_c40,404,14,50,25855,61879,19699,1238,38,25,8,24,622.6821658611298,0
seapdx,passive_c40,505,14,50,26079,63180,19056,3708,38,21,12,24,623.1201326847076,0
seapdx,passive_c40,707,13,50,25933,62302,19567,2425,38,21,12,24,622.1195387840271,0
seapdx,passive_c40,808,13,50,26708,64221,20134,3149,44,19,8,24,621.5284113883972,0
seapdx,passive_c40,909,11,50,24231,58973,17407,1843,44,17,10,24,619.9530961513519,0
seapdx,passive_c40,303,16,50,27249,65229,20717,1880,31,30,10,24,626.7945733070374,0
seapdx,passive_c40,606,15,50,28938,68837,22691,1863,45,17,9,24,628.3068058490753,0
seapdx,passive_c40,1010,7,50,22936,56168,16081,3049,31,32,8,24,623.0535142421722,0
seapdx,passive_c40,1212,10,50,24894,60609,17924,2463,46,22,3,24,620.5715599060059,0
seapdx,passive_c40,1111,12,50,24799,60324,17817,3128,46,19,6,24,624.1711177825928,0
seapdx,passive_c40,1515,18,50,28575,68376,21847,3159,41,18,12,24,621.2829132080078,0
seapdx,passive_c40,1616,15,50,27873,66445,21505,3755,41,18,12,24,622.0034377574921,0
seapdx,passive_c40,1919,18,50,25479,61526,18708,1859,38,26,7,24,620.2323408126831,0
seapdx,passive_c40,1313,13,50,26042,62307,19787,1888,42,23,6,24,625.4673545360565,0
seapdx,passive_c40_probes,42,11,50,24877,60228,18185,1217,43,17,11,24,622.107677936554,0
seapdx,passive_c40,1818,14,50,27578,65735,21539,1226,43,21,7,24,624.4933316707611,0
seapdx,passive_c40_probes,101,8,50,22906,55977,16217,1814,43,21,7,24,623.4780819416046,0
seapdx,passive_c40,1717,9,50,21863,53672,14979,1865,48,15,8,24,627.4517107009888,0
seapdx,passive_c40,1414,12,50,23118,56640,16088,2480,48,15,8,24,630.3893303871155,0
seapdx,passive_c40_probes,303,13,50,27769,66244,21502,1232,45,18,8,24,621.8163454532623,0
seapdx,passive_c40_probes,202,12,50,25497,61570,18895,622,36,23,12,24,627.538330078125,0
seapdx,passive_c40_probes,404,10,50,22351,54458,15820,627,41,25,5,24,625.181117773056,0
seapdx,passive_c40_probes,707,13,50,24340,59231,17468,3090,45,20,6,24,622.8487858772278,0
seapdx,passive_c40_probes,505,14,50,27277,65201,20859,3085,33,31,7,24,630.2541122436523,0
seapdx,passive_c40_probes,1111,12,50,24277,59081,17270,2479,35,25,11,24,624.188579082489,0
seapdx,passive_c40_probes,909,15,50,27412,66197,20277,3135,35,25,11,24,626.1603162288666,0
seapdx,passive_c40_probes,606,15,50,27198,64932,20946,1236,47,18,6,24,628.4881498813629,0
seapdx,passive_c40_probes,808,14,50,26591,63893,20062,3010,35,25,11,24,627.447135925293,0
seapdx,passive_c40_probes,1010,13,50,24979,60172,18356,3087,42,21,8,24,625.8717176914215,0
seapdx,passive_c40_probes,1515,13,50,27918,66679,21536,3048,42,21,8,24,621.0147092342377,0
seapdx,passive_c40_probes,1313,13,50,25412,60856,19174,628,42,21,8,24,623.9368937015533,0
seapdx,passive_c40_probes,1616,15,50,26644,63787,20280,1886,46,20,5,24,621.8097138404846,0
seapdx,passive_c40_probes,1212,10,50,25513,61532,18894,1260,46,20,5,24,625.8939185142517,0
seapdx,passive_c40_probes,1414,14,50,24342,59512,17307,3762,44,21,6,24,624.7964599132538,0
seapdx,passive_c40_probes,1717,17,50,24675,59590,18278,602,44,21,6,24,622.0828301906586,0
seapdx,passive_c40_probes,1818,13,50,24792,59964,18180,2459,41,20,10,24,623.7336316108704,0
seapdx,passive_c40_probes,1919,12,50,26625,63540,20580,1819,42,23,6,24,625.947126865387,0
seapdx,passive_c120_ttl_short,404,22,50,34424,80014,29015,2491,42,24,5,24,622.116105556488,0
seapdx,passive_c120_ttl_short,808,27,50,32738,76055,27330,640,42,21,8,24,620.4136643409729,0
seapdx,passive_c120_ttl_short,202,26,50,35566,82403,30399,3062,42,24,5,24,623.9568023681641,0
seapdx,passive_c120_ttl_short,101,17,50,28873,68496,22852,2448,38,25,8,24,624.4504492282867,0
seapdx,passive_c120_ttl_short,606,22,50,30208,71585,23898,2520,43,20,8,24,624.4575748443604,0
seapdx,passive_c120_ttl_short,42,23,50,32057,75485,26140,4292,43,20,8,24,627.7464311122894,0
seapdx,passive_c120_ttl_short,707,24,50,32579,76066,27099,4937,43,20,8,24,625.0955152511597,0
seapdx,passive_c120_ttl_short,303,23,50,34493,80706,28579,4893,56,9,6,24,626.9028146266937,0
seapdx,passive_c120_ttl_short,505,23,50,33226,77776,27489,1885,41,22,8,24,628.616845369339,0
seapdx,passive_c120_ttl_short,909,18,50,30905,72615,25094,3746,42,20,9,24,625.9914040565491,0
seapdx,passive_c120_ttl_short,1111,27,50,32691,76322,27041,1890,42,20,9,24,625.3974528312683,0
seapdx,passive_c120_ttl_short,1010,24,50,32079,75380,26132,3710,36,26,9,24,629.0628924369812,0
seapdx,passive_c120_ttl_short,1212,18,50,30160,71107,24260,3051,43,22,6,24,628.0465443134308,0
seapdx,passive_c120_ttl_short,1414,22,50,29827,70782,23387,3701,40,26,5,24,618.0401315689087,0
seapdx,passive_c120_ttl_short,1313,24,50,34235,79614,28959,1821,37,27,7,24,622.4553391933441,0
seapdx,passive_c120_ttl_short,1717,23,50,29041,68816,23112,4314,35,21,15,24,618.7549469470978,0
seapdx,passive_c120_ttl_short,1515,22,50,31425,73712,25768,3133,46,17,8,24,623.3749353885651,0
seapdx,passive_c120_ttl_short,1616,25,50,34885,80944,29635,3085,43,21,7,24,623.5792026519775,0
seapdx,passive_c120_ttl_short,1818,21,50,31448,74284,25295,4940,34,30,7,24,624.7095756530762,0
seapdx,passive_c120_ttl_long,303,20,50,31495,74451,25138,2440,41,25,5,24,620.9770696163177,0
seapdx,passive_c120_ttl_long,101,22,50,30379,71398,24439,1875,44,21,6,24,623.5681257247925,0
seapdx,passive_c120_ttl_long,505,24,50,34382,79919,29048,1246,39,22,10,24,619.5770297050476,0
seapdx,passive_c120_ttl_long,404,19,50,31023,73161,24684,3118,39,22,10,24,622.96444272995,0
seapdx,passive_c120_ttl_long,42,30,50,35607,82352,30531,2483,43,23,5,24,629.0461511611938,0
seapdx,passive_c120_ttl_short,1919,19,50,32645,76539,26770,5520,45,20,6,24,630.5257561206818,0
seapdx,passive_c120_ttl_long,202,22,50,30806,72995,24442,1874,51,14,6,24,629.1889688968658,0
seapdx,passive_c120_ttl_long,606,24,50,32035,75089,26148,2512,44,19,8,24,620.5227665901184,0
seapdx,passive_c120_ttl_long,707,25,50,32615,76202,27048,2487,47,19,5,24,621.4428758621216,0
seapdx,passive_c120_ttl_long,909,18,50,30708,72358,24718,3113,50,14,7,24,623.9099168777466,0
seapdx,passive_c120_ttl_long,1111,24,50,34887,81148,29384,4366,40,24,7,24,622.5612025260925,0
seapdx,passive_c120_ttl_long,1010,26,50,32040,75135,26141,1848,47,15,9,24,623.6264088153839,0
seapdx,passive_c120_ttl_long,808,21,50,30847,72624,24860,2483,40,24,7,24,627.9853594303131,0
seapdx,passive_c120_ttl_long,1212,20,50,31927,75049,25995,4885,47,15,9,24,621.5244126319885,0
seapdx,passive_c120_ttl_long,1414,21,50,31672,74417,25546,5015,39,26,6,24,624.0188357830048,0
seapdx,passive_c120_ttl_long,1313,24,50,35213,80722,31229,3588,40,26,5,24,627.1909689903259,0
seapdx,passive_c120_ttl_long,1616,26,50,34295,79492,29183,2459,43,22,6,24,629.4472863674164,0
seapdx,passive_c120_ttl_long,1515,22,50,31884,74456,26454,3666,40,24,7,24,630.6605184078217,0
seapdx,passive_c120_ttl_long,1919,22,50,31415,73620,25779,1850,43,22,6,24,625.2159922122955,0
seapdx,passive_c120_ttl_long,1717,27,50,32372,75082,27570,1804,35,29,7,24,628.8112232685089,0
seapdx,passive_c120_ttl_long,1818,21,50,32070,75363,26186,3069,41,21,9,24,628.2040884494781,0
manh,baseline,42,23,50,9312,18378,3849,1140,39,27,5,24,102.08392786979675,0
manh,baseline,101,15,50,9198,18154,3731,725,42,23,6,24,103.3481342792511,0
manh,baseline,202,21,50,9871,19448,4132,1427,43,20,8,24,102.22322511672974,0
manh,baseline,303,19,50,9274,18278,3793,1533,42,22,7,24,102.77946519851685,0
manh,baseline,404,20,50,9526,18764,4026,1219,42,22,7,24,102.74267339706421,0
manh,baseline,505,26,50,10271,20174,4463,1079,39,18,14,24,103.17315626144409,0
manh,baseline,606,22,50,9244,18178,3815,902,41,23,7,24,102.8641893863678,0
manh,baseline,707,20,50,9262,18130,4017,876,38,22,11,24,102.75688052177429,0
manh,baseline,808,19,50,9943,19610,4165,1838,39,19,13,24,102.41501808166504,0
manh,baseline,1010,23,50,9382,18550,3797,1184,36,30,5,24,101.79810500144958,0
manh,baseline,909,19,50,9564,18815,4068,1332,41,22,8,24,103.50325918197632,0
manh,baseline,1111,17,50,8528,16759,3442,1328,41,22,8,24,103.45835041999817,0
manh,baseline,1313,24,50,9708,19078,4083,1203,48,17,6,24,102.61237597465515,0
manh,baseline,1212,23,50,9380,18482,3885,416,48,17,6,24,103.39648675918579,0
manh,baseline,1414,19,50,9040,17775,3751,898,42,22,7,24,103.41288352012634,0
manh,baseline,1515,17,50,8950,17500,3754,818,46,19,6,24,102.1807816028595,0
manh,baseline,1616,17,50,9199,18220,3814,1329,47,16,8,24,102.37687087059021,0
manh,baseline,1818,20,50,9262,18322,3868,1345,44,20,7,24,103.14072036743164,0
manh,baseline,1717,23,50,10231,20092,4423,1396,44,23,4,24,103.52993535995483,0
manh,baseline,1919,23,50,10159,19947,4410,913,44,20,7,24,102.4178295135498,0
manh,passive_c120,42,19,50,8743,17436,3428,1391,42,23,6,24,103.85169005393982,0
manh,passive_c120,101,21,50,9374,18549,3783,867,41,21,9,24,102.91014266014099,0
manh,passive_c120,202,18,50,8705,17172,3439,850,40,22,9,24,102.48308801651001,0
manh,passive_c120,303,19,50,9622,19050,3903,1288,47,18,6,24,103.86483597755432,0
manh,passive_c120,606,20,50,8966,17844,3500,1712,47,17,7,24,102.6581563949585,0
manh,passive_c120,505,20,50,9310,18440,3825,1113,41,17,13,24,103.78830623626709,0
manh,passive_c120,404,19,50,9418,18436,4019,1152,41,17,13,24,104.10038471221924,0
manh,passive_c120,707,23,50,9526,18737,4087,1398,41,17,13,24,103.78166675567627,0
manh,passive_c120,808,20,50,10381,20430,4500,1869,34,29,8,24,102.46188497543335,0
manh,passive_c120,909,18,50,8730,17132,3540,672,43,23,5,24,102.24607348442078,0
manh,passive_c120,1010,17,50,9235,18364,3676,1348,45,19,7,24,102.27841711044312,0
manh,passive_c120,1313,21,50,9615,18910,4005,693,44,24,3,24,102.53710198402405,0
manh,passive_c120,1212,23,50,10230,19979,4547,745,47,21,3,24,102.90622353553772,0
manh,passive_c120,1111,21,50,9550,18774,3941,765,44,24,3,24,103.17551255226135,0
manh,passive_c120,1414,15,50,8824,17400,3596,1211,44,19,8,24,102.38093280792236,0
manh,passive_c120,1515,22,50,9879,19503,4168,1129,42,19,10,24,103.07732820510864,0
manh,passive_c120,1616,21,50,10092,19809,4381,987,44,22,5,24,102.216224193573,0
manh,passive_c120,1717,16,50,8884,17557,3566,1038,38,25,8,24,103.69776368141174,0
manh,passive_c120,1818,18,50,8969,17789,3539,928,41,23,7,24,103.11676931381226,0
manh,passive_c120,1919,24,50,8767,17324,3522,475,41,23,7,24,103.16145944595337,0
manh,passive_c120_probes,42,19,50,8450,16763,3341,1017,41,23,7,24,103.54084897041321,0
manh,passive_c120_probes,101,18,50,9544,18919,4007,1408,44,17,10,24,104.26092767715454,0
manh,passive_c120_probes,202,18,50,9440,18713,3827,1519,40,20,11,24,102.22921848297119,0
manh,passive_c120_probes,303,19,50,9263,18208,3945,1693,39,19,13,24,103.4869749546051,0
manh,passive_c120_probes,404,25,50,10099,19739,4521,1574,39,23,9,24,102.59955644607544,0
manh,passive_c120_probes,707,21,50,9811,19246,4295,1130,40,27,4,24,101.78199601173401,0
manh,passive_c120_probes,505,20,50,10089,19853,4274,870,40,27,4,24,102.4245867729187,0
manh,passive_c120_probes,606,24,50,10371,20385,4560,1277,40,27,4,24,102.5994462966919,0
manh,passive_c120_probes,808,20,50,9497,18727,3936,612,45,18,8,24,104.60702562332153,0
manh,passive_c120_probes,1010,27,50,10017,19741,4154,930,38,25,8,24,102.467276096344,0
manh,passive_c120_probes,909,21,50,9888,19391,4292,937,38,25,8,24,104.15182566642761,0
manh,passive_c120_probes,1111,18,50,8644,17043,3468,1285,47,15,9,24,102.74424505233765,0
manh,passive_c120_probes,1313,21,50,10182,19964,4676,1722,47,18,6,24,102.28257131576538,0
manh,passive_c120_probes,1212,19,50,9010,17958,3630,1738,47,18,6,24,104.05529475212097,0
manh,passive_c120_probes,1414,15,50,8729,17243,3449,1030,39,26,6,24,104.46218633651733,0
manh,passive_c120_probes,1515,25,50,9949,19571,4259,1621,39,25,7,24,103.04055404663086,0
manh,passive_c120_probes,1616,22,50,9292,18254,3777,745,44,24,3,24,103.56091380119324,0
manh,passive_c120_probes,1717,16,50,9465,18609,3998,1560,36,29,6,24,101.58107209205627,0
manh,passive_c120_probes,1818,20,50,9472,18651,3905,1269,35,24,12,24,103.9823784828186,0
manh,passive_c40,101,14,50,8003,15949,2982,967,52,14,5,24,101.37112855911255,0
manh,passive_c40,42,10,50,7272,14577,2552,766,52,14,5,24,101.99942231178284,0
manh,passive_c120_probes,1919,21,50,9310,18510,3861,1582,52,14,5,24,102.68945741653442,0
manh,passive_c40,202,13,50,7571,15052,2756,928,42,22,7,24,102.73587322235107,0
manh,passive_c40,303,9,50,6679,13364,2228,521,43,23,5,24,101.96803641319275,0
manh,passive_c40,404,13,50,7690,15244,2920,917,45,24,2,24,104.04801344871521,0
manh,passive_c40,505,10,50,7184,14349,2526,191,34,28,9,24,103.30160689353943,0
manh,passive_c40,606,14,50,7890,15739,2963,811,34,28,9,24,103.04248857498169,0
manh,passive_c40,707,16,50,8842,17472,3587,975,42,26,3,24,103.30650734901428,0
manh,passive_c40,808,13,50,8136,16213,3115,821,44,25,2,24,102.85092687606812,0
manh,passive_c40,909,17,50,8313,16397,3292,712,44,25,2,24,102.98327493667603,0
manh,passive_c40,1010,17,50,8075,15926,3158,428,47,16,8,24,102.98359942436218,0
manh,passive_c40,1111,15,50,8083,16023,3116,907,44,20,7,24,102.41199922561646,0
manh,passive_c40,1212,17,50,8851,17551,3500,599,41,24,6,24,103.28303742408752,0
manh,passive_c40,1414,11,50,7163,14369,2544,519,42,25,4,24,103.3135449886322,0
manh,passive_c40,1515,18,50,8291,16386,3281,1393,42,25,4,24,102.87497329711914,0
manh,passive_c40,1313,16,50,8049,16051,3039,1196,42,25,4,24,103.99612641334534,0
manh,passive_c40,1616,14,50,7842,15734,2923,1220,43,20,8,24,102.28876256942749,0
manh,passive_c40,1717,18,50,8570,16834,3579,666,44,22,5,24,103.29924416542053,0
manh,passive_c40,1818,14,50,7795,15586,2898,825,38,25,8,24,102.11062216758728,0
manh,passive_c40_probes,42,12,50,7621,15258,2835,612,44,20,7,24,101.8479061126709,0
manh,passive_c40,1919,14,50,8317,16618,3143,1110,48,20,3,24,103.18047213554382,0
manh,passive_c40_probes,101,11,50,7054,14196,2407,1085,48,20,3,24,101.5170750617981,0
manh,passive_c40_probes,303,9,50,6512,13080,2110,414,40,28,3,24,102.32074856758118,0
manh,passive_c40_probes,202,10,50,7256,14538,2553,903,40,28,3,24,103.98552584648132,0
manh,passive_c40_probes,404,10,50,7316,14619,2618,444,43,21,7,24,103.20903587341309,0
manh,passive_c40_probes,505,13,50,7494,15098,2694,898,36,25,10,24,102.77190613746643,0
manh,passive_c40_probes,606,18,50,8303,16617,3155,1529,47,21,3,24,103.6648805141449,0
manh,passive_c40_probes,707,20,50,8940,17629,3740,763,41,21,9,24,102.45822429656982,0
manh,passive_c40_probes,808,10,50,7790,15558,2881,1052,41,21,9,24,103.04336285591125,0
manh,passive_c40_probes,909,18,50,8475,16738,3372,588,43,16,12,24,102.81447291374207,0
manh,passive_c40_probes,1010,17,50,8230,16237,3167,398,41,24,6,24,102.1724841594696,0
manh,passive_c40_probes,1111,18,50,8339,16520,3273,453,42,25,4,24,102.27260446548462,0
manh,passive_c40_probes,1212,17,50,8410,16719,3203,733,45,17,9,24,101.92268228530884,0
manh,passive_c40_probes,1313,15,50,7886,15679,2918,875,34,27,10,24,103.30390167236328,0
manh,passive_c40_probes,1414,16,50,7225,14453,2517,204,35,22,14,24,102.61919283866882,0
manh,passive_c40_probes,1515,16,50,8797,17275,3701,1084,35,22,14,24,104.15355587005615,0
manh,passive_c40_probes,1616,14,50,7844,15639,2931,502,43,21,7,24,102.68776392936707,0
manh,passive_c40_probes,1717,17,50,8643,17075,3583,492,43,22,6,24,103.95313596725464,0
manh,passive_c40_probes,1818,15,50,8894,17635,3620,1232,46,19,6,24,104.25405168533325,0
manh,passive_c40_probes,1919,15,50,7873,15695,2994,953,39,23,9,24,102.94632005691528,0
manh,passive_c120_ttl_short,42,16,50,8557,16876,3441,848,37,27,7,24,103.66881036758423,0
manh,passive_c120_ttl_short,101,21,50,9829,19290,4279,1592,49,14,8,24,102.75226402282715,0
manh,passive_c120_ttl_short,303,18,50,9020,17847,3692,1659,42,24,5,24,102.09966802597046,0
manh,passive_c120_ttl_short,202,22,50,8713,17095,3512,870,42,24,5,24,103.29574799537659,0
manh,passive_c120_ttl_short,404,20,50,10111,19828,4437,1901,46,18,7,24,102.20899701118469,0
manh,passive_c120_ttl_short,505,26,50,10072,19751,4364,941,40,20,11,24,102.16686606407166,0
manh,passive_c120_ttl_short,606,22,50,9691,19109,4053,1262,48,17,6,24,103.40849709510803,0
manh,passive_c120_ttl_short,909,17,50,9591,18967,4018,1669,54,13,4,24,101.57609152793884,0
manh,passive_c120_ttl_short,808,23,50,10007,19715,4256,1382,43,21,7,24,104.1393735408783,0
manh,passive_c120_ttl_short,1010,19,50,9445,18743,3766,1317,33,31,7,24,101.80490469932556,0
manh,passive_c120_ttl_short,707,20,50,9599,18857,4146,1595,43,21,7,24,104.46284914016724,0
manh,passive_c120_ttl_short,1111,24,50,9600,18879,4151,832,44,15,12,24,103.31201219558716,0
manh,passive_c120_ttl_short,1212,23,50,9308,18355,3801,572,43,20,8,24,103.45309853553772,0
manh,passive_c120_ttl_short,1313,20,50,9092,17940,3655,1482,43,20,8,24,102.812979221344,0
manh,passive_c120_ttl_short,1515,19,50,9628,19004,3960,968,32,25,14,24,101.43693542480469,0
manh,passive_c120_ttl_short,1414,22,50,9242,18288,3739,1123,32,25,14,24,102.42554092407227,0
manh,passive_c120_ttl_short,1717,16,50,9663,18968,4202,1948,43,19,9,24,102.4892828464508,0
manh,passive_c120_ttl_short,1616,19,50,10438,20615,4572,1984,43,19,9,24,103.91351175308228,0
manh,passive_c120_ttl_short,1818,22,50,9548,18768,4087,1417,44,19,8,24,102.69956350326538,0
manh,passive_c120_ttl_short,1919,23,50,9519,18757,3998,567,39,28,4,24,102.1117730140686,0
manh,passive_c120_ttl_long,42,16,50,9541,18765,4089,1582,52,14,5,24,103.44884300231934,0
manh,passive_c120_ttl_long,101,17,50,9912,19403,4367,774,44,17,10,24,103.10987162590027,0
manh,passive_c120_ttl_long,202,19,50,8855,17387,3657,1197,41,22,8,24,102.52233099937439,0
manh,passive_c120_ttl_long,303,18,50,8751,17332,3467,1268,41,22,8,24,103.02208065986633,0
manh,passive_c120_ttl_long,404,22,50,9628,18954,4048,1817,41,22,8,24,103.07572388648987,0
manh,passive_c120_ttl_long,505,23,50,9684,19098,4058,1242,48,19,4,24,103.96707940101624,0
manh,passive_c120_ttl_long,707,21,50,9709,19064,4178,1715,48,16,7,24,102.92323088645935,0
manh,passive_c120_ttl_long,606,18,50,9043,17840,3625,1158,48,16,7,24,104.08965873718262,0
manh,passive_c120_ttl_long,909,16,50,9083,17822,3752,736,34,28,9,24,102.55534052848816,0
manh,passive_c120_ttl_long,808,20,50,9404,18505,3861,837,43,21,7,24,102.70630669593811,0
manh,passive_c120_ttl_long,1111,20,50,9657,19026,4129,1655,35,28,8,24,102.79052305221558,0
manh,passive_c120_ttl_long,1010,19,50,9515,18725,4033,1014,35,28,8,24,103.28461003303528,0
manh,passive_c120_ttl_long,1212,22,50,9924,19395,4336,691,42,15,14,24,103.11755180358887,0
manh,passive_c120_ttl_long,1313,20,50,9233,18134,3741,871,38,27,6,24,102.4924829006195,0
manh,passive_c120_ttl_long,1414,22,50,9936,19588,4237,1269,44,18,9,24,102.39431166648865,0
manh,passive_c120_ttl_long,1818,16,50,9534,18894,3940,1611,38,22,11,24,101.90430092811584,0
manh,passive_c120_ttl_long,1616,25,50,10182,19840,4640,823,38,22,11,24,103.1277756690979,0
manh,passive_c120_ttl_long,1717,20,50,9375,18533,3919,2070,38,22,11,24,102.90270590782166,0
manh,passive_c120_ttl_long,1515,18,50,9432,18564,3910,662,38,22,11,24,104.07366919517517,0
manh,passive_c120_ttl_long,1919,23,50,9587,18868,3970,1016,39,21,11,24,102.2354428768158,0
